Name,Lev,Date,Tm,VH,Opp,G,PA,AB,R,H,2B,3B,HR,RBI,BB,IBB,SO,HBP,SH,SF,GDP,SB,CS
Ronald Acuna Jr.,MLB-NL,2019-04-04,Atlanta,,Chicago,1,5,3,2,0,0,0,0,0,1,0,1,0,0,0,0,0,0
Matt Adams,MLB-NL,2019-04-04,Washington,@,New York,1,1,1,0,0,0,0,0,0,0,0,0,0,0,0,0,0,0
Hanser Alberto,MLB-AL,2019-04-04,Baltimore,,New York,1,1,1,0,1,0,0,0,0,0,0,0,0,0,0,0,0,0
Ozzie Albies,MLB-NL,2019-04-04,Atlanta,,Chicago,1,5,5,0,2,0,0,0,0,0,0,1,0,0,0,0,0,1
Greg Allen,MLB-AL,2019-04-04,Cleveland,,Toronto,1,4,4,0,0,0,0,0,1,0,0,1,0,0,0,0,0,0
Albert Almora,MLB-NL,2019-04-04,Chicago,@,Atlanta,1,5,5,0,0,0,0,0,0,0,0,1,0,0,0,0,0,0
Pete Alonso,MLB-NL,2019-04-04,New York,,Washington,1,4,4,0,0,0,0,0,0,0,0,2,0,0,0,0,0,0
Elvis Andrus,MLB-AL,2019-04-04,Texas,@,Los Angeles,1,5,5,1,3,0,0,0,2,0,0,1,0,0,0,0,0,0
Javier Baez,MLB-NL,2019-04-04,Chicago,@,Atlanta,1,4,4,1,1,0,0,1,1,0,0,2,0,0,0,0,0,0
Tucker Barnhart,MLB-NL,2019-04-04,Cincinnati,@,Pittsburgh,1,3,3,0,2,1,0,0,0,0,0,0,0,0,0,1,0,0
Jake Bauers,MLB-AL,2019-04-04,Cleveland,,Toronto,1,4,3,1,1,0,0,0,0,1,0,2,0,0,0,0,0,0
Josh Bell,MLB-NL,2019-04-04,Pittsburgh,,Cincinnati,1,4,4,0,2,0,0,0,1,0,0,0,0,0,0,0,0,0
Andrew Benintendi,MLB-AL,2019-04-04,Boston,@,Oakland,1,5,4,1,2,0,0,0,0,0,0,1,0,1,0,0,0,0
Mookie Betts,MLB-AL,2019-04-04,Boston,@,Oakland,1,5,3,1,1,0,0,0,0,2,1,2,0,0,0,0,0,0
Greg Bird,MLB-AL,2019-04-04,New York,@,Baltimore,1,5,3,1,1,0,0,0,0,2,0,0,0,0,0,0,0,0
Xander Bogaerts,MLB-AL,2019-04-04,Boston,@,Oakland,1,4,2,0,1,0,0,0,1,2,0,0,0,0,0,0,0,0
David Bote,MLB-NL,2019-04-04,Chicago,@,Atlanta,1,2,2,0,0,0,0,0,0,0,0,1,0,0,0,0,0,0
Justin Bour,MLB-AL,2019-04-04,Los Angeles,,Texas,1,5,4,0,1,0,0,0,0,1,0,0,0,0,0,0,0,0
Peter Bourjos,MLB-AL,2019-04-04,Los Angeles,,Texas,1,1,1,1,0,0,0,0,0,0,0,1,0,0,0,0,0,0
Jackie Bradley Jr.,MLB-AL,2019-04-04,Boston,@,Oakland,1,4,4,0,1,0,0,0,0,0,0,1,0,0,0,0,1,0
Socrates Brito,MLB-AL,2019-04-04,Toronto,@,Cleveland,1,4,4,0,0,0,0,0,0,0,0,2,0,0,0,0,0,0
Kris Bryant,MLB-NL,2019-04-04,Chicago,@,Atlanta,1,4,4,1,1,0,0,0,0,0,0,0,0,0,0,0,0,0
Asdrubal Cabrera,MLB-AL,2019-04-04,Texas,@,Los Angeles,1,5,4,2,2,0,0,0,0,1,0,0,0,0,0,1,0,0
Melky Cabrera,MLB-NL,2019-04-04,Pittsburgh,,Cincinnati,1,3,3,0,3,0,0,0,0,0,0,0,0,0,0,0,0,0
Miguel Cabrera,MLB-AL,2019-04-04,Detroit,,Kansas City,1,4,2,0,1,0,0,0,1,2,0,0,0,0,0,0,0,0
Kole Calhoun,MLB-AL,2019-04-04,Los Angeles,,Texas,1,5,4,1,1,0,0,1,1,1,0,3,0,0,0,0,0,0
Jeimer Candelario,MLB-AL,2019-04-04,Detroit,,Kansas City,1,4,4,0,0,0,0,0,0,0,0,2,0,0,0,0,0,0
Mark Canha,MLB-AL,2019-04-04,Oakland,,Boston,1,4,4,0,1,0,0,0,0,0,0,0,0,0,0,0,0,0
Robinson Cano,MLB-NL,2019-04-04,New York,,Washington,1,4,3,0,0,0,0,0,0,1,0,1,0,0,0,1,0,0
Victor Caratini,MLB-NL,2019-04-04,Chicago,@,Atlanta,1,1,1,1,1,0,0,0,0,0,0,0,0,0,0,0,0,0
Shane Carle,MLB-NL,2019-04-04,Atlanta,,Chicago,1,1,1,0,0,0,0,0,0,0,0,1,0,0,0,0,0,0
Curt Casali,MLB-NL,2019-04-04,Cincinnati,@,Pittsburgh,1,1,1,0,0,0,0,0,0,0,0,1,0,0,0,0,0,0
Nicholas Castellanos,MLB-AL,2019-04-04,Detroit,,Kansas City,1,4,2,2,0,0,0,0,0,2,0,2,0,0,0,0,0,0
Francisco Cervelli,MLB-NL,2019-04-04,Pittsburgh,,Cincinnati,1,4,4,0,1,0,0,0,0,0,0,1,0,0,0,0,0,0
Matt Chapman,MLB-AL,2019-04-04,Oakland,,Boston,1,0,0,0,0,0,0,0,0,0,0,0,0,0,0,0,0,0
Shin-Soo Choo,MLB-AL,2019-04-04,Texas,@,Los Angeles,1,5,3,2,2,1,0,0,3,1,0,0,1,0,0,0,0,0
Michael Conforto,MLB-NL,2019-04-04,New York,,Washington,1,4,4,0,0,0,0,0,0,0,0,3,0,0,0,0,0,0
Willson Contreras,MLB-NL,2019-04-04,Chicago,@,Atlanta,1,4,3,0,0,0,0,0,0,1,0,1,0,0,0,0,0,0
Zack Cozart,MLB-AL,2019-04-04,Los Angeles,,Texas,1,4,4,0,0,0,0,0,0,0,0,0,0,0,0,0,0,0
Yu Darvish,MLB-NL,2019-04-04,Chicago,@,Atlanta,1,1,1,0,0,0,0,0,0,0,0,1,0,0,0,0,0,0
Chris Davis,MLB-AL,2019-04-04,Baltimore,,New York,1,3,3,0,0,0,0,0,0,0,0,3,0,0,0,0,0,0
J.D. Davis,MLB-NL,2019-04-04,New York,,Washington,1,1,1,0,0,0,0,0,0,0,0,1,0,0,0,0,0,0
Khris Davis,MLB-AL,2019-04-04,Oakland,,Boston,1,5,4,0,2,0,0,0,1,1,1,2,0,0,0,0,0,0
Daniel Descalso,MLB-NL,2019-04-04,Chicago,@,Atlanta,1,1,1,0,0,0,0,0,0,0,0,0,0,0,0,0,0,0
Delino DeShields,MLB-AL,2019-04-04,Texas,@,Los Angeles,1,5,4,1,1,0,0,0,0,0,0,1,1,0,0,0,0,0
Rafael Devers,MLB-AL,2019-04-04,Boston,@,Oakland,1,1,1,0,0,0,0,0,0,0,0,0,0,0,0,0,0,0
Derek Dietrich,MLB-NL,2019-04-04,Cincinnati,@,Pittsburgh,1,1,1,0,0,0,0,0,0,0,0,0,0,0,0,0,0,0
Wilmer Difo,MLB-NL,2019-04-04,Washington,@,New York,1,4,3,0,1,0,0,0,2,0,0,1,0,1,0,0,0,0
Josh Donaldson,MLB-NL,2019-04-04,Atlanta,,Chicago,1,5,4,1,0,0,0,0,0,1,0,1,0,0,0,1,0,0
Brian Dozier,MLB-NL,2019-04-04,Washington,@,New York,1,4,4,0,0,0,0,0,0,0,0,1,0,0,0,0,0,0
Brandon Drury,MLB-AL,2019-04-04,Toronto,@,Cleveland,1,5,4,0,0,0,0,0,0,1,0,3,0,0,0,0,0,0
Lucas Duda,MLB-AL,2019-04-04,Kansas City,@,Detroit,1,4,4,0,0,0,0,0,0,0,0,2,0,0,0,0,0,0
Adam Eaton,MLB-NL,2019-04-04,Washington,@,New York,1,5,4,0,0,0,0,0,0,1,0,2,0,0,0,0,1,0
Kyle Farmer,MLB-NL,2019-04-04,Cincinnati,@,Pittsburgh,1,1,1,0,0,0,0,0,0,0,0,1,0,0,0,0,0,0
David Fletcher,MLB-AL,2019-04-04,Los Angeles,,Texas,1,4,4,0,2,0,0,0,0,0,0,0,0,0,0,0,0,0
Logan Forsythe,MLB-AL,2019-04-04,Texas,@,Los Angeles,1,5,5,2,2,0,0,0,0,0,0,3,0,0,0,0,0,0
Adam Frazier,MLB-NL,2019-04-04,Pittsburgh,,Cincinnati,1,4,4,0,1,0,0,0,0,0,0,0,0,0,0,0,1,0
Clint Frazier,MLB-AL,2019-04-04,New York,@,Baltimore,1,4,4,0,1,0,0,0,0,0,0,0,0,0,0,0,0,0
Freddie Freeman,MLB-NL,2019-04-04,Atlanta,,Chicago,1,5,3,2,1,0,0,0,0,2,0,0,0,0,0,0,0,0
Max Fried,MLB-NL,2019-04-04,Atlanta,,Chicago,1,3,3,0,0,0,0,0,0,0,0,1,0,0,0,0,0,0
Joey Gallo,MLB-AL,2019-04-04,Texas,@,Los Angeles,1,5,4,1,1,0,0,1,3,1,0,1,0,0,0,0,0,0
Freddy Galvis,MLB-AL,2019-04-04,Toronto,@,Cleveland,1,4,1,1,1,0,0,0,0,3,0,0,0,0,0,0,0,0
Brett Gardner,MLB-AL,2019-04-04,New York,@,Baltimore,1,5,4,1,2,0,0,0,0,1,0,0,0,0,0,0,0,0
Yan Gomes,MLB-NL,2019-04-04,Washington,@,New York,1,4,3,0,1,0,0,0,0,0,0,2,1,0,0,0,0,0
Niko Goodrum,MLB-AL,2019-04-04,Detroit,,Kansas City,1,4,3,0,2,2,0,0,3,1,0,0,0,0,0,0,0,0
Brian Goodwin,MLB-AL,2019-04-04,Los Angeles,,Texas,1,4,3,0,1,1,0,0,1,1,0,2,0,0,0,0,0,0
Alex Gordon,MLB-AL,2019-04-04,Kansas City,@,Detroit,1,4,2,2,2,0,0,1,2,1,0,0,0,0,1,0,0,0
Grayson Greiner,MLB-AL,2019-04-04,Detroit,,Kansas City,1,4,4,0,0,0,0,0,0,0,0,1,0,0,0,0,0,0
Randal Grichuk,MLB-AL,2019-04-04,Toronto,@,Cleveland,1,5,4,0,0,0,0,0,0,1,0,2,0,0,0,0,0,0
Robbie Grossman,MLB-AL,2019-04-04,Oakland,,Boston,1,5,5,1,1,1,0,0,1,0,0,1,0,0,0,0,0,0
Luis Guillorme,MLB-NL,2019-04-04,New York,,Washington,1,1,1,0,0,0,0,0,0,0,0,1,0,0,0,0,0,0
Lourdes Gurriel Jr.,MLB-AL,2019-04-04,Toronto,@,Cleveland,1,4,4,0,0,0,0,0,0,0,0,1,0,0,0,0,0,0
Ronald Guzman,MLB-AL,2019-04-04,Texas,@,Los Angeles,1,5,4,2,2,1,0,1,2,1,0,1,0,0,0,0,0,0
Billy Hamilton,MLB-AL,2019-04-04,Kansas City,@,Detroit,1,4,4,0,1,0,0,0,0,0,0,1,0,0,0,0,0,0
Alen Hanson,MLB-AL,2019-04-04,Toronto,@,Cleveland,1,4,3,0,1,0,0,0,0,0,0,2,1,0,0,0,0,0
Josh Harrison,MLB-AL,2019-04-04,Detroit,,Kansas City,1,5,3,3,1,0,0,0,0,2,0,1,0,0,0,0,2,0
Teoscar Hernandez,MLB-AL,2019-04-04,Toronto,@,Cleveland,1,1,1,0,1,1,0,0,1,0,0,0,0,0,0,0,0,0
Brock Holt,MLB-AL,2019-04-04,Boston,@,Oakland,1,4,3,0,1,0,0,0,1,1,0,0,0,0,0,0,0,0
Jose Iglesias,MLB-NL,2019-04-04,Cincinnati,@,Pittsburgh,1,4,3,0,1,1,0,0,0,1,1,1,0,0,0,0,0,0
Ender Inciarte,MLB-NL,2019-04-04,Atlanta,,Chicago,1,5,5,1,2,1,0,0,0,0,0,1,0,0,0,0,0,0
Drew Jackson,MLB-AL,2019-04-04,Baltimore,,New York,1,1,0,0,0,0,0,0,0,1,0,0,0,0,0,0,0,0
Danny Jansen,MLB-AL,2019-04-04,Toronto,@,Cleveland,1,4,3,0,0,0,0,0,0,1,0,2,0,0,0,0,0,0
Aaron Judge,MLB-AL,2019-04-04,New York,@,Baltimore,1,5,5,0,0,0,0,0,0,0,0,4,0,0,0,0,0,0
Jung Ho Kang,MLB-NL,2019-04-04,Pittsburgh,,Cincinnati,1,4,4,0,0,0,0,0,0,0,0,2,0,0,0,1,0,0
Matt Kemp,MLB-NL,2019-04-04,Cincinnati,@,Pittsburgh,1,1,1,0,0,0,0,0,0,0,0,1,0,0,0,0,0,0
Isiah Kiner-Falefa,MLB-AL,2019-04-04,Texas,@,Los Angeles,1,5,5,0,2,1,0,0,1,0,0,0,0,0,0,0,0,0
Tommy La Stella,MLB-AL,2019-04-04,Los Angeles,,Texas,1,5,4,1,0,0,0,0,0,1,0,0,0,0,0,1,0,0
Juan Lagares,MLB-NL,2019-04-04,New York,,Washington,1,2,2,0,0,0,0,0,0,0,0,1,0,0,0,0,0,0
Ramon Laureano,MLB-AL,2019-04-04,Oakland,,Boston,1,4,3,1,1,0,0,0,0,1,0,0,0,0,0,0,1,0
DJ LeMahieu,MLB-AL,2019-04-04,New York,@,Baltimore,1,4,4,1,1,0,0,0,0,0,0,1,0,0,0,0,0,0
Jonathan Lucroy,MLB-AL,2019-04-04,Los Angeles,,Texas,1,4,4,0,0,0,0,0,0,0,0,1,0,0,0,1,0,0
Jordan Lyles,MLB-NL,2019-04-04,Pittsburgh,,Cincinnati,1,2,2,0,0,0,0,0,0,0,0,1,0,0,0,0,0,0
Tyler Mahle,MLB-NL,2019-04-04,Cincinnati,@,Pittsburgh,1,2,2,0,0,0,0,0,0,0,0,1,0,0,0,0,0,0
Martin Maldonado,MLB-AL,2019-04-04,Kansas City,@,Detroit,1,4,4,0,0,0,0,0,0,0,0,0,0,0,0,0,0,0
Trey Mancini,MLB-AL,2019-04-04,Baltimore,,New York,1,5,4,1,0,0,0,0,0,1,0,1,0,0,0,0,0,0
Nick Markakis,MLB-NL,2019-04-04,Atlanta,,Chicago,1,5,5,3,5,3,0,0,5,0,0,0,0,0,0,0,0,0
Starling Marte,MLB-NL,2019-04-04,Pittsburgh,,Cincinnati,1,4,4,1,2,1,0,0,0,0,0,1,0,0,0,0,0,0
Leonys Martin,MLB-AL,2019-04-04,Cleveland,,Toronto,1,4,3,0,2,0,0,0,0,1,0,0,0,0,0,0,0,0
Richie Martin,MLB-AL,2019-04-04,Baltimore,,New York,1,4,4,0,1,0,0,0,0,0,0,1,0,0,0,1,0,0
J.D. Martinez,MLB-AL,2019-04-04,Boston,@,Oakland,1,5,5,1,2,0,0,1,1,0,0,0,0,0,0,0,0,0
Brian McCann,MLB-NL,2019-04-04,Atlanta,,Chicago,1,4,2,0,1,0,0,0,2,1,0,0,0,0,1,0,0,0
Billy McKinney,MLB-AL,2019-04-04,Toronto,@,Cleveland,1,4,2,0,0,0,0,0,0,2,0,0,0,0,0,0,0,0
Jeff McNeil,MLB-NL,2019-04-04,New York,,Washington,1,4,4,0,1,0,0,0,0,0,0,1,0,0,0,0,0,0
Jordy Mercer,MLB-AL,2019-04-04,Detroit,,Kansas City,1,4,4,0,0,0,0,0,0,0,0,1,0,0,0,0,0,0
Whit Merrifield,MLB-AL,2019-04-04,Kansas City,@,Detroit,1,5,5,2,2,0,1,0,0,0,0,1,0,0,0,0,0,0
Brad Miller,MLB-AL,2019-04-04,Cleveland,,Toronto,1,4,2,0,0,0,0,0,1,2,0,0,0,0,0,0,0,0
Adalberto Mondesi,MLB-AL,2019-04-04,Kansas City,@,Detroit,1,4,4,0,0,0,0,0,0,0,0,3,0,0,0,0,0,0
Colin Moran,MLB-NL,2019-04-04,Pittsburgh,,Cincinnati,1,1,1,0,0,0,0,0,0,0,0,0,0,0,0,0,0,0
Mitch Moreland,MLB-AL,2019-04-04,Boston,@,Oakland,1,1,1,0,0,0,0,0,0,0,0,0,0,0,0,0,0,0
Max Moroff,MLB-AL,2019-04-04,Cleveland,,Toronto,1,0,0,0,0,0,0,0,0,0,0,0,0,0,0,0,0,0
Tyler Naquin,MLB-AL,2019-04-04,Cleveland,,Toronto,1,4,4,1,2,1,0,0,0,0,0,1,0,0,0,0,0,0
Kevin Newman,MLB-NL,2019-04-04,Pittsburgh,,Cincinnati,1,3,3,0,0,0,0,0,1,0,0,0,0,0,0,0,0,0
Brandon Nimmo,MLB-NL,2019-04-04,New York,,Washington,1,4,3,0,0,0,0,0,0,1,0,1,0,0,0,0,0,0
Eduardo Nunez,MLB-AL,2019-04-04,Boston,@,Oakland,1,3,3,0,0,0,0,0,0,0,0,0,0,0,0,1,0,0
Renato Nunez,MLB-AL,2019-04-04,Baltimore,,New York,1,4,4,1,2,0,0,0,1,0,0,2,0,0,0,0,0,0
Ryan O'Hearn,MLB-AL,2019-04-04,Kansas City,@,Detroit,1,4,3,0,1,0,0,0,0,1,0,0,0,0,0,0,0,0
Rougned Odor,MLB-AL,2019-04-04,Texas,@,Los Angeles,1,5,5,0,0,0,0,0,0,0,0,3,0,0,0,0,0,0
Chris Owings,MLB-AL,2019-04-04,Kansas City,@,Detroit,1,4,4,0,0,0,0,0,0,0,0,3,0,0,0,0,0,0
Steve Pearce,MLB-AL,2019-04-04,Boston,@,Oakland,1,4,4,0,1,0,0,0,0,0,0,3,0,0,0,0,0,0
Jose Peraza,MLB-NL,2019-04-04,Cincinnati,@,Pittsburgh,1,4,4,0,1,0,0,0,0,0,0,0,0,0,0,0,0,0
Roberto Perez,MLB-AL,2019-04-04,Cleveland,,Toronto,1,4,3,0,1,0,0,0,1,0,0,0,0,0,1,0,0,0
Dustin Peterson,MLB-AL,2019-04-04,Detroit,,Kansas City,1,4,4,0,1,0,0,0,0,0,0,2,0,0,0,0,0,0
Josh Phegley,MLB-AL,2019-04-04,Oakland,,Boston,1,4,4,2,2,1,0,0,0,0,0,1,0,0,0,0,0,0
Chad Pinder,MLB-AL,2019-04-04,Oakland,,Boston,1,4,4,0,1,0,0,0,0,0,0,0,0,0,0,0,0,0
Stephen Piscotty,MLB-AL,2019-04-04,Oakland,,Boston,1,5,4,1,4,1,0,1,5,1,0,0,0,0,0,0,0,0
Jurickson Profar,MLB-AL,2019-04-04,Oakland,,Boston,1,4,4,0,0,0,0,0,0,0,0,1,0,0,0,1,0,0
Yasiel Puig,MLB-NL,2019-04-04,Cincinnati,@,Pittsburgh,1,4,4,0,0,0,0,0,0,0,0,0,0,0,0,0,0,0
Albert Pujols,MLB-AL,2019-04-04,Los Angeles,,Texas,1,5,3,0,1,0,0,0,1,2,0,0,0,0,0,0,0,0
Jose Ramirez,MLB-AL,2019-04-04,Cleveland,,Toronto,1,4,3,0,0,0,0,0,1,0,0,0,0,0,1,0,0,0
Wilson Ramos,MLB-NL,2019-04-04,New York,,Washington,1,4,4,0,2,0,0,0,0,0,0,1,0,0,0,0,0,0
Anthony Rendon,MLB-NL,2019-04-04,Washington,@,New York,1,4,4,1,1,1,0,0,0,0,0,1,0,0,0,0,0,0
Pablo Reyes,MLB-NL,2019-04-04,Pittsburgh,,Cincinnati,1,0,0,1,0,0,0,0,0,0,0,0,0,0,0,0,0,0
Joey Rickard,MLB-AL,2019-04-04,Baltimore,,New York,1,4,4,0,2,0,0,0,0,0,0,1,0,0,0,0,0,0
Anthony Rizzo,MLB-NL,2019-04-04,Chicago,@,Atlanta,1,4,3,1,1,0,0,1,2,0,0,0,1,0,0,0,0,0
Victor Robles,MLB-NL,2019-04-04,Washington,@,New York,1,4,3,1,1,0,0,1,1,1,0,1,0,0,0,0,0,0
Amed Rosario,MLB-NL,2019-04-04,New York,,Washington,1,4,4,0,1,0,0,0,0,0,0,1,0,0,0,0,0,0
Rio Ruiz,MLB-AL,2019-04-04,Baltimore,,New York,1,3,2,0,1,0,0,0,0,1,0,1,0,0,0,0,0,0
Gary Sanchez,MLB-AL,2019-04-04,New York,@,Baltimore,1,5,4,1,1,0,0,1,1,0,0,0,1,0,0,0,0,0
Carlos Santana,MLB-AL,2019-04-04,Cleveland,,Toronto,1,4,3,1,1,0,0,0,0,1,1,1,0,0,0,0,0,0
Scott Schebler,MLB-NL,2019-04-04,Cincinnati,@,Pittsburgh,1,4,3,0,1,1,0,0,0,1,0,1,0,0,0,0,0,0
Kyle Schwarber,MLB-NL,2019-04-04,Chicago,@,Atlanta,1,4,3,0,0,0,0,0,0,1,0,1,0,0,0,0,0,0
Marcus Semien,MLB-AL,2019-04-04,Oakland,,Boston,1,5,4,2,1,0,0,0,0,1,0,0,0,0,0,0,0,0
JB Shuck,MLB-NL,2019-04-04,Pittsburgh,,Cincinnati,1,3,3,0,1,0,0,0,0,0,0,0,0,0,0,0,0,0
Andrelton Simmons,MLB-AL,2019-04-04,Los Angeles,,Texas,1,1,1,0,0,0,0,0,0,0,0,1,0,0,0,0,0,0
Dwight Smith Jr.,MLB-AL,2019-04-04,Baltimore,,New York,1,5,5,1,1,1,0,0,0,0,0,1,0,0,0,0,0,0
Jorge Soler,MLB-AL,2019-04-04,Kansas City,@,Detroit,1,4,4,0,2,1,0,0,1,0,0,2,0,0,0,0,0,0
Juan Soto,MLB-NL,2019-04-04,Washington,@,New York,1,4,3,2,1,0,0,0,0,1,0,0,0,0,0,0,0,0
Eric Stamets,MLB-AL,2019-04-04,Cleveland,,Toronto,1,4,3,1,0,0,0,0,0,0,0,2,0,1,0,0,0,0
Andrew Stevenson,MLB-NL,2019-04-04,Washington,@,New York,1,1,1,0,0,0,0,0,0,0,0,1,0,0,0,0,0,0
Christin Stewart,MLB-AL,2019-04-04,Detroit,,Kansas City,1,4,3,0,1,1,0,0,1,0,0,1,0,0,1,0,0,0
Stephen Strasburg,MLB-NL,2019-04-04,Washington,@,New York,1,2,2,0,0,0,0,0,0,0,0,1,0,0,0,0,0,0
Eugenio Suarez,MLB-NL,2019-04-04,Cincinnati,@,Pittsburgh,1,4,3,0,0,0,0,0,0,1,0,1,0,0,0,0,0,0
Jesus Sucre,MLB-AL,2019-04-04,Baltimore,,New York,1,4,3,0,0,0,0,0,0,1,0,0,0,0,0,0,0,0
Dansby Swanson,MLB-NL,2019-04-04,Atlanta,,Chicago,1,4,3,0,2,0,0,0,1,1,1,0,0,0,0,0,0,0
Blake Swihart,MLB-AL,2019-04-04,Boston,@,Oakland,1,1,1,0,1,0,0,0,0,0,0,0,0,0,0,0,0,0
Noah Syndergaard,MLB-NL,2019-04-04,New York,,Washington,1,2,2,0,0,0,0,0,0,0,0,1,0,0,0,0,0,0
Mike Tauchman,MLB-AL,2019-04-04,New York,@,Baltimore,1,0,0,0,0,0,0,0,0,0,0,0,0,0,0,0,0,0
Rowdy Tellez,MLB-AL,2019-04-04,Toronto,@,Cleveland,1,5,4,0,0,0,0,0,0,0,0,1,1,0,0,0,0,0
Gleyber Torres,MLB-AL,2019-04-04,New York,@,Baltimore,1,4,4,2,4,1,0,2,4,0,0,0,0,0,0,0,0,0
Mike Trout,MLB-AL,2019-04-04,Los Angeles,,Texas,1,4,3,1,2,0,0,1,1,1,0,1,0,0,0,0,0,0
Christian Vazquez,MLB-AL,2019-04-04,Boston,@,Oakland,1,3,3,0,0,0,0,0,0,0,0,0,0,0,0,0,0,0
Jonathan Villar,MLB-AL,2019-04-04,Baltimore,,New York,1,5,5,1,2,0,0,1,1,0,0,2,0,0,0,0,0,0
Luke Voit,MLB-AL,2019-04-04,New York,@,Baltimore,1,5,5,1,1,0,0,1,3,0,0,1,0,0,0,0,0,0
Joey Votto,MLB-NL,2019-04-04,Cincinnati,@,Pittsburgh,1,4,3,0,0,0,0,0,0,1,0,1,0,0,0,0,0,0
Tyler Wade,MLB-AL,2019-04-04,New York,@,Baltimore,1,4,4,1,1,0,0,0,0,0,0,1,0,0,0,0,0,0
Jesse Winker,MLB-NL,2019-04-04,Cincinnati,@,Pittsburgh,1,4,4,0,1,0,0,0,0,0,0,0,0,0,0,0,0,0
Mark Zagunis,MLB-NL,2019-04-04,Chicago,@,Atlanta,1,4,4,0,2,0,0,0,1,0,0,0,0,0,0,0,0,0
Ryan Zimmerman,MLB-NL,2019-04-04,Washington,@,New York,1,4,2,0,0,0,0,0,1,1,0,1,0,0,1,0,0,0
Ben Zobrist,MLB-NL,2019-04-04,Chicago,@,Atlanta,1,3,2,0,0,0,0,0,0,1,0,0,0,0,0,0,0,0
Jose Abreu,MLB-AL,2019-04-05,Chicago,,Seattle,1,5,5,2,1,0,0,0,0,0,0,2,0,0,0,0,0,0
Ronald Acuna Jr.,MLB-NL,2019-04-05,Atlanta,,Miami,1,4,4,1,1,0,0,1,2,0,0,1,0,0,0,0,0,0
Willy Adames,MLB-AL,2019-04-05,Tampa Bay,@,San Francisco,1,4,4,0,0,0,0,0,0,0,0,1,0,0,0,0,0,0
Ehire Adrianza,MLB-AL,2019-04-05,Minnesota,@,Philadelphia,1,4,4,1,1,0,0,0,0,0,0,1,0,0,0,0,0,0
Jesus Aguilar,MLB-NL,2019-04-05,Milwaukee,,Chicago,1,5,2,0,0,0,0,0,0,2,0,0,0,0,0,0,0,0
Nick Ahmed,MLB-NL,2019-04-05,Arizona,,Boston,1,4,4,3,3,2,0,0,0,0,0,0,0,0,0,0,0,0
Ozzie Albies,MLB-NL,2019-04-05,Atlanta,,Miami,1,4,3,0,0,0,0,0,0,1,0,0,0,0,0,0,0,0
Jorge Alfaro,MLB-NL,2019-04-05,Miami,@,Atlanta,1,3,3,0,0,0,0,0,0,0,0,2,0,0,0,0,0,0
Albert Almora,MLB-NL,2019-04-05,Chicago,@,Milwaukee,1,1,1,1,1,0,0,0,1,0,0,0,0,0,0,0,0,0
Yonder Alonso,MLB-AL,2019-04-05,Chicago,,Seattle,1,4,2,0,0,0,0,0,0,2,0,0,0,0,0,0,0,0
Aaron Altherr,MLB-NL,2019-04-05,Philadelphia,,Minnesota,1,1,1,0,1,1,0,0,1,0,0,0,0,0,0,0,0,0
Jose Altuve,MLB-AL,2019-04-05,Houston,,Oakland,1,4,4,0,2,1,0,0,1,0,0,0,0,0,0,0,0,0
Brian Anderson,MLB-NL,2019-04-05,Miami,@,Atlanta,1,4,3,0,1,0,0,0,0,1,0,1,0,0,0,0,0,0
Chase Anderson,MLB-NL,2019-04-05,Milwaukee,,Chicago,1,1,1,0,0,0,0,0,0,0,0,1,0,0,0,0,0,0
Tim Anderson,MLB-AL,2019-04-05,Chicago,,Seattle,1,5,4,4,3,0,0,1,3,1,0,0,0,0,0,0,0,0
Tyler Anderson,MLB-NL,2019-04-05,Colorado,,Los Angeles,1,1,1,1,1,0,0,0,0,0,0,0,0,0,0,0,0,0
Elvis Andrus,MLB-AL,2019-04-05,Texas,@,Los Angeles,1,4,4,0,2,0,0,0,0,0,0,0,0,0,0,0,1,0
Orlando Arcia,MLB-NL,2019-04-05,Milwaukee,,Chicago,1,4,3,3,3,0,0,1,2,1,0,0,0,0,0,0,0,0
Nolan Arenado,MLB-NL,2019-04-05,Colorado,,Los Angeles,1,5,3,1,1,0,0,0,2,1,0,0,0,0,1,1,0,0
Christian Arroyo,MLB-AL,2019-04-05,Tampa Bay,@,San Francisco,1,1,1,0,0,0,0,0,0,0,0,1,0,0,0,0,0,0
Willians Astudillo,MLB-AL,2019-04-05,Minnesota,@,Philadelphia,1,1,1,0,0,0,0,0,0,0,0,0,0,0,0,0,0,0
Alex Avila,MLB-NL,2019-04-05,Arizona,,Boston,1,5,4,2,2,1,0,1,2,1,0,1,0,0,0,0,0,0
Harrison Bader,MLB-NL,2019-04-05,St. Louis,,San Diego,1,3,3,0,0,0,0,0,0,0,0,1,0,0,0,0,0,0
Javier Baez,MLB-NL,2019-04-05,Chicago,@,Milwaukee,1,4,4,0,0,0,0,0,0,0,0,4,0,0,0,0,0,0
Tucker Barnhart,MLB-NL,2019-04-05,Cincinnati,@,Pittsburgh,1,3,3,0,0,0,0,0,0,0,0,1,0,0,0,0,0,0
Jake Bauers,MLB-AL,2019-04-05,Cleveland,,Toronto,1,4,3,0,0,0,0,0,0,1,0,0,0,0,0,0,0,0
Tim Beckham,MLB-AL,2019-04-05,Seattle,@,Chicago,1,5,5,1,1,1,0,0,0,0,0,1,0,0,0,0,0,0
Josh Bell,MLB-NL,2019-04-05,Pittsburgh,,Cincinnati,1,3,3,1,0,0,0,0,0,0,0,1,0,0,0,0,0,0
Cody Bellinger,MLB-NL,2019-04-05,Los Angeles,@,Colorado,1,5,4,2,1,0,0,1,3,1,0,0,0,0,0,0,0,0
Brandon Belt,MLB-NL,2019-04-05,San Francisco,,Tampa Bay,1,5,5,0,1,0,0,0,0,0,0,1,0,0,0,0,1,0
Andrew Benintendi,MLB-AL,2019-04-05,Boston,@,Arizona,1,5,5,2,2,1,0,0,1,0,0,2,0,0,0,0,0,0
Mookie Betts,MLB-AL,2019-04-05,Boston,@,Arizona,1,5,4,2,3,1,0,1,2,1,0,0,0,0,0,0,0,0
Charlie Blackmon,MLB-NL,2019-04-05,Colorado,,Los Angeles,1,5,5,0,3,0,0,0,0,0,0,0,0,0,0,0,0,0
Xander Bogaerts,MLB-AL,2019-04-05,Boston,@,Arizona,1,5,4,1,1,0,0,0,0,1,0,0,0,0,0,1,0,0
David Bote,MLB-NL,2019-04-05,Chicago,@,Milwaukee,1,1,1,0,1,0,0,0,0,0,0,0,0,0,0,0,0,0
Justin Bour,MLB-AL,2019-04-05,Los Angeles,,Texas,1,4,3,0,0,0,0,0,0,1,0,2,0,0,0,0,0,0
Peter Bourjos,MLB-AL,2019-04-05,Los Angeles,,Texas,1,0,0,0,0,0,0,0,0,0,0,0,0,0,0,0,0,0
Jackie Bradley Jr.,MLB-AL,2019-04-05,Boston,@,Arizona,1,1,1,0,0,0,0,0,0,0,0,0,0,0,0,0,0,0
Michael Brantley,MLB-AL,2019-04-05,Houston,,Oakland,1,4,4,0,0,0,0,0,0,0,0,2,0,0,0,0,0,0
Ryan Braun,MLB-NL,2019-04-05,Milwaukee,,Chicago,1,5,5,1,2,0,0,1,4,0,0,1,0,0,0,0,0,0
Alex Bregman,MLB-AL,2019-04-05,Houston,,Oakland,1,4,3,0,2,0,0,0,1,1,0,1,0,0,0,0,0,0
Lewis Brinson,MLB-NL,2019-04-05,Miami,@,Atlanta,1,3,3,0,0,0,0,0,0,0,0,0,0,0,0,1,0,0
Socrates Brito,MLB-AL,2019-04-05,Toronto,@,Cleveland,1,4,4,0,0,0,0,0,0,0,0,1,0,0,0,0,0,0
Jay Bruce,MLB-AL,2019-04-05,Seattle,@,Chicago,1,5,5,0,0,0,0,0,0,0,0,2,0,0,0,0,0,0
Kris Bryant,MLB-NL,2019-04-05,Chicago,@,Milwaukee,1,5,5,1,2,1,0,0,1,0,0,2,0,0,0,0,0,0
Asdrubal Cabrera,MLB-AL,2019-04-05,Texas,@,Los Angeles,1,4,3,0,0,0,0,0,0,1,0,1,0,0,0,0,0,0
Melky Cabrera,MLB-NL,2019-04-05,Pittsburgh,,Cincinnati,1,1,1,0,0,0,0,0,0,0,0,0,0,0,0,0,0,0
Lorenzo Cain,MLB-NL,2019-04-05,Milwaukee,,Chicago,1,5,4,1,2,1,0,0,0,1,0,0,0,0,0,1,1,0
Kole Calhoun,MLB-AL,2019-04-05,Los Angeles,,Texas,1,4,4,0,1,0,0,0,1,0,0,2,0,0,0,0,0,0
Mark Canha,MLB-AL,2019-04-05,Oakland,@,Houston,1,0,0,1,0,0,0,0,0,0,0,0,0,0,0,0,0,0
Victor Caratini,MLB-NL,2019-04-05,Chicago,@,Milwaukee,1,2,2,0,0,0,0,0,1,0,0,0,0,0,0,0,0,0
Matt Carpenter,MLB-NL,2019-04-05,St. Louis,,San Diego,1,4,4,1,1,1,0,0,0,0,0,1,0,0,0,0,0,0
Curt Casali,MLB-NL,2019-04-05,Cincinnati,@,Pittsburgh,1,1,1,0,0,0,0,0,0,0,0,1,0,0,0,0,0,0
Welington Castillo,MLB-AL,2019-04-05,Chicago,,Seattle,1,5,3,0,0,0,0,0,1,1,0,2,1,0,0,1,0,0
Jason Castro,MLB-AL,2019-04-05,Minnesota,@,Philadelphia,1,2,2,0,0,0,0,0,0,0,0,0,0,0,0,0,0,0
Starlin Castro,MLB-NL,2019-04-05,Miami,@,Atlanta,1,4,4,0,0,0,0,0,0,0,0,0,0,0,0,1,0,0
Jake Cave,MLB-AL,2019-04-05,Minnesota,@,Philadelphia,1,4,3,0,1,0,0,0,1,1,0,1,0,0,0,0,0,0
Francisco Cervelli,MLB-NL,2019-04-05,Pittsburgh,,Cincinnati,1,4,4,0,1,0,0,0,0,0,0,0,0,0,0,0,0,0
Matt Chapman,MLB-AL,2019-04-05,Oakland,@,Houston,1,4,4,0,1,0,0,0,0,0,0,0,0,0,0,0,0,0
Robinson Chirinos,MLB-AL,2019-04-05,Houston,,Oakland,1,4,3,0,0,0,0,0,0,1,0,1,0,0,0,0,0,0
Ji-Man Choi,MLB-AL,2019-04-05,Tampa Bay,@,San Francisco,1,5,4,1,3,1,0,0,0,0,0,1,1,0,0,0,0,0
Shin-Soo Choo,MLB-AL,2019-04-05,Texas,@,Los Angeles,1,4,4,0,1,0,0,0,0,0,0,1,0,0,0,0,0,0
Willson Contreras,MLB-NL,2019-04-05,Chicago,@,Milwaukee,1,3,1,2,1,0,0,1,1,1,0,0,1,0,0,0,0,0
Ryan Cordell,MLB-AL,2019-04-05,Chicago,,Seattle,1,0,0,0,0,0,0,0,0,0,0,0,0,0,0,0,0,0
Franchy Cordero,MLB-NL,2019-04-05,San Diego,@,St. Louis,1,5,3,1,2,1,0,0,1,1,0,0,0,0,1,0,0,0
Carlos Correa,MLB-AL,2019-04-05,Houston,,Oakland,1,4,3,1,1,0,0,1,1,1,0,2,0,0,0,0,0,0
Zack Cozart,MLB-AL,2019-04-05,Los Angeles,,Texas,1,3,3,0,0,0,0,0,0,0,0,1,0,0,0,0,0,0
Brandon Crawford,MLB-NL,2019-04-05,San Francisco,,Tampa Bay,1,4,3,0,1,0,0,0,0,0,0,1,1,0,0,0,0,0
C.J. Cron,MLB-AL,2019-04-05,Minnesota,@,Philadelphia,1,2,2,0,0,0,0,0,0,0,0,1,0,0,0,0,0,0
David Dahl,MLB-NL,2019-04-05,Colorado,,Los Angeles,1,5,4,1,1,0,0,1,1,1,0,2,0,0,0,0,0,0
Khris Davis,MLB-AL,2019-04-05,Oakland,@,Houston,1,4,4,0,0,0,0,0,0,0,0,1,0,0,0,0,0,0
Paul DeJong,MLB-NL,2019-04-05,St. Louis,,San Diego,1,4,3,1,1,0,0,1,1,1,0,1,0,0,0,0,0,0
Daniel Descalso,MLB-NL,2019-04-05,Chicago,@,Milwaukee,1,5,5,2,3,0,0,1,3,0,0,1,0,0,0,0,0,0
Delino DeShields,MLB-AL,2019-04-05,Texas,@,Los Angeles,1,3,2,0,1,0,0,0,0,1,0,0,0,0,0,0,1,0
Ian Desmond,MLB-NL,2019-04-05,Colorado,,Los Angeles,1,4,3,0,0,0,0,0,0,1,0,2,0,0,0,0,0,0
Rafael Devers,MLB-AL,2019-04-05,Boston,@,Arizona,1,4,4,1,1,0,0,0,0,0,0,1,0,0,0,0,0,0
Yandy Diaz,MLB-AL,2019-04-05,Tampa Bay,@,San Francisco,1,4,4,1,2,0,0,1,2,0,0,0,0,0,0,0,0,0
Josh Donaldson,MLB-NL,2019-04-05,Atlanta,,Miami,1,4,4,0,0,0,0,0,0,0,0,2,0,0,0,0,0,0
Brandon Drury,MLB-AL,2019-04-05,Toronto,@,Cleveland,1,4,4,0,1,0,0,0,0,0,0,2,0,0,0,0,0,0
Steven Duggar,MLB-NL,2019-04-05,San Francisco,,Tampa Bay,1,5,5,0,1,1,0,0,1,0,0,1,0,0,0,0,0,0
Jarrod Dyson,MLB-NL,2019-04-05,Arizona,,Boston,1,5,5,1,3,0,0,0,1,0,0,0,0,0,0,0,0,0
Adam Engel,MLB-AL,2019-04-05,Chicago,,Seattle,1,3,3,1,1,1,0,0,0,0,0,0,0,0,0,0,0,0
Eduardo Escobar,MLB-NL,2019-04-05,Arizona,,Boston,1,5,4,1,1,0,0,0,1,1,0,1,0,0,0,0,0,0
Jack Flaherty,MLB-NL,2019-04-05,St. Louis,,San Diego,1,1,1,0,0,0,0,0,0,0,0,0,0,0,0,0,0,0
David Fletcher,MLB-AL,2019-04-05,Los Angeles,,Texas,1,3,3,0,1,0,0,0,0,0,0,0,0,0,0,0,0,0
Tyler Flowers,MLB-NL,2019-04-05,Atlanta,,Miami,1,4,3,1,2,0,0,1,1,0,0,0,1,0,0,0,0,0
Dexter Fowler,MLB-NL,2019-04-05,St. Louis,,San Diego,1,3,3,0,0,0,0,0,0,0,0,1,0,0,0,0,0,0
Maikel Franco,MLB-NL,2019-04-05,Philadelphia,,Minnesota,1,5,3,0,1,1,0,0,2,2,1,0,0,0,0,0,0,0
Adam Frazier,MLB-NL,2019-04-05,Pittsburgh,,Cincinnati,1,4,4,0,1,1,0,0,1,0,0,1,0,0,0,0,0,0
Freddie Freeman,MLB-NL,2019-04-05,Atlanta,,Miami,1,4,4,1,1,0,0,0,0,0,0,0,0,0,0,0,0,0
David Freese,MLB-NL,2019-04-05,Los Angeles,@,Colorado,1,1,0,0,0,0,0,0,0,1,0,0,0,0,0,0,0,0
Joey Gallo,MLB-AL,2019-04-05,Texas,@,Los Angeles,1,4,3,1,1,0,0,1,1,1,0,2,0,0,0,0,0,0
Freddy Galvis,MLB-AL,2019-04-05,Toronto,@,Cleveland,1,3,3,1,1,0,0,1,2,0,0,0,0,0,0,0,0,0
Greg Garcia,MLB-NL,2019-04-05,San Diego,@,St. Louis,1,1,1,0,0,0,0,0,0,0,0,0,0,0,0,0,0,0
Leury Garcia,MLB-AL,2019-04-05,Chicago,,Seattle,1,5,4,3,1,0,0,0,0,1,0,0,0,0,0,0,1,0
Mitch Garver,MLB-AL,2019-04-05,Minnesota,@,Philadelphia,1,2,2,0,0,0,0,0,0,0,0,0,0,0,0,0,0,0
Kevin Gausman,MLB-NL,2019-04-05,Atlanta,,Miami,1,3,3,0,1,0,0,0,0,0,0,1,0,0,0,0,0,0
Tyler Glasnow,MLB-AL,2019-04-05,Tampa Bay,@,San Francisco,1,2,2,0,0,0,0,0,0,0,0,1,0,0,0,0,0,0
Zack Godley,MLB-NL,2019-04-05,Arizona,,Boston,1,3,3,2,2,0,0,0,1,0,0,1,0,0,0,0,0,0
Paul Goldschmidt,MLB-NL,2019-04-05,St. Louis,,San Diego,1,4,3,1,1,0,0,1,1,1,0,1,0,0,0,0,0,0
Erik Gonzalez,MLB-NL,2019-04-05,Pittsburgh,,Cincinnati,1,3,2,0,0,0,0,0,0,0,0,0,0,1,0,0,0,0
Marwin Gonzalez,MLB-AL,2019-04-05,Minnesota,@,Philadelphia,1,4,4,0,0,0,0,0,0,0,0,1,0,0,0,0,0,0
Brian Goodwin,MLB-AL,2019-04-05,Los Angeles,,Texas,1,3,3,1,1,1,0,0,0,0,0,1,0,0,0,0,0,0
Dee Gordon,MLB-AL,2019-04-05,Seattle,@,Chicago,1,2,0,1,0,0,0,0,0,2,0,0,0,0,0,0,1,0
Yasmani Grandal,MLB-NL,2019-04-05,Milwaukee,,Chicago,1,4,4,2,2,0,0,1,1,0,0,2,0,0,0,0,0,0
Curtis Granderson,MLB-NL,2019-04-05,Miami,@,Atlanta,1,4,3,0,0,0,0,0,0,1,0,3,0,0,0,0,0,0
Sonny Gray,MLB-NL,2019-04-05,Cincinnati,@,Pittsburgh,1,2,2,0,0,0,0,0,0,0,0,1,0,0,0,0,0,0
Randal Grichuk,MLB-AL,2019-04-05,Toronto,@,Cleveland,1,4,4,0,0,0,0,0,0,0,0,3,0,0,0,0,0,0
Robbie Grossman,MLB-AL,2019-04-05,Oakland,@,Houston,1,4,3,0,0,0,0,0,0,1,0,0,0,0,0,0,1,0
Yuli Gurriel,MLB-AL,2019-04-05,Houston,,Oakland,1,4,4,0,1,0,0,0,0,0,0,1,0,0,0,0,0,0
Ronald Guzman,MLB-AL,2019-04-05,Texas,@,Los Angeles,1,4,4,0,0,0,0,0,0,0,0,1,0,0,0,1,0,0
Jedd Gyorko,MLB-NL,2019-04-05,St. Louis,,San Diego,1,1,1,0,0,0,0,0,0,0,0,0,0,0,0,0,0,0
Garrett Hampson,MLB-NL,2019-04-05,Colorado,,Los Angeles,1,2,2,0,0,0,0,0,0,0,0,0,0,0,0,0,0,0
Mitch Haniger,MLB-AL,2019-04-05,Seattle,@,Chicago,1,5,5,1,1,0,0,1,2,0,0,1,0,0,0,0,0,0
Alen Hanson,MLB-AL,2019-04-05,Toronto,@,Cleveland,1,1,1,0,0,0,0,0,0,0,0,1,0,0,0,0,0,0
Bryce Harper,MLB-NL,2019-04-05,Philadelphia,,Minnesota,1,5,4,1,0,0,0,0,0,1,0,2,0,0,0,0,0,0
Ryon Healy,MLB-AL,2019-04-05,Seattle,@,Chicago,1,4,3,1,1,0,0,1,3,0,0,1,0,0,1,0,0,0
Guillermo Heredia,MLB-AL,2019-04-05,Tampa Bay,@,San Francisco,1,0,0,0,0,0,0,0,0,0,0,0,0,0,0,0,0,0
Cesar Hernandez,MLB-NL,2019-04-05,Philadelphia,,Minnesota,1,5,2,2,0,0,0,0,1,2,0,0,0,0,1,1,0,0
Enrique Hernandez,MLB-NL,2019-04-05,Los Angeles,@,Colorado,1,5,4,1,0,0,0,0,0,1,0,1,0,0,0,0,0,0
Teoscar Hernandez,MLB-AL,2019-04-05,Toronto,@,Cleveland,1,4,3,0,0,0,0,0,0,1,1,1,0,0,0,0,0,0
Odubel Herrera,MLB-NL,2019-04-05,Philadelphia,,Minnesota,1,5,5,0,3,0,0,0,0,0,0,0,0,0,0,0,0,0
Rosell Herrera,MLB-NL,2019-04-05,Miami,@,Atlanta,1,1,1,0,0,0,0,0,0,0,0,1,0,0,0,0,0,0
Jason Heyward,MLB-NL,2019-04-05,Chicago,@,Milwaukee,1,4,3,2,1,0,0,1,2,1,0,1,0,0,0,0,0,0
Brock Holt,MLB-AL,2019-04-05,Boston,@,Arizona,1,4,4,0,0,0,0,0,0,0,0,1,0,0,0,0,0,0
Rhys Hoskins,MLB-NL,2019-04-05,Philadelphia,,Minnesota,1,5,4,1,3,0,0,0,4,1,0,1,0,0,0,0,0,0
Eric Hosmer,MLB-NL,2019-04-05,San Diego,@,St. Louis,1,5,5,0,1,0,0,0,0,0,0,1,0,0,0,0,0,0
Nick Hundley,MLB-AL,2019-04-05,Oakland,@,Houston,1,3,3,0,0,0,0,0,0,0,0,2,0,0,0,0,0,0
Jose Iglesias,MLB-NL,2019-04-05,Cincinnati,@,Pittsburgh,1,3,3,0,1,0,0,0,0,0,0,1,0,0,0,0,0,1
Ender Inciarte,MLB-NL,2019-04-05,Atlanta,,Miami,1,4,4,0,2,0,0,0,1,0,0,1,0,0,0,0,0,0
Eloy Jimenez,MLB-AL,2019-04-05,Chicago,,Seattle,1,4,4,0,0,0,0,0,0,0,0,1,0,0,0,0,0,0
Adam Jones,MLB-NL,2019-04-05,Arizona,,Boston,1,5,3,2,2,1,0,1,2,1,0,0,0,0,0,0,0,1
Jung Ho Kang,MLB-NL,2019-04-05,Pittsburgh,,Cincinnati,1,3,3,0,1,1,0,0,1,0,0,0,0,0,0,0,0,0
Matt Kemp,MLB-NL,2019-04-05,Cincinnati,@,Pittsburgh,1,3,3,0,0,0,0,0,0,0,0,2,0,0,0,0,0,0
Tony Kemp,MLB-AL,2019-04-05,Houston,,Oakland,1,4,3,1,1,0,0,0,0,1,0,1,0,0,0,0,0,0
Max Kepler,MLB-AL,2019-04-05,Minnesota,@,Philadelphia,1,5,5,1,1,0,0,1,2,0,0,2,0,0,0,0,0,0
Kevin Kiermaier,MLB-AL,2019-04-05,Tampa Bay,@,San Francisco,1,4,4,1,1,0,0,1,1,0,0,1,0,0,0,0,0,0
Scott Kingery,MLB-NL,2019-04-05,Philadelphia,,Minnesota,1,1,1,0,0,0,0,0,0,0,0,0,0,0,0,0,0,0
Ian Kinsler,MLB-NL,2019-04-05,San Diego,@,St. Louis,1,5,5,0,1,0,0,0,0,0,0,1,0,0,0,0,0,0
Matt Koch,MLB-NL,2019-04-05,Arizona,,Boston,1,1,1,0,0,0,0,0,0,0,0,0,0,0,0,0,0,0
Tommy La Stella,MLB-AL,2019-04-05,Los Angeles,,Texas,1,3,3,0,0,0,0,0,0,0,0,0,0,0,0,0,0,0
Ramon Laureano,MLB-AL,2019-04-05,Oakland,@,Houston,1,4,4,0,4,1,0,0,2,0,0,0,0,0,0,0,0,1
Jon Lester,MLB-NL,2019-04-05,Chicago,@,Milwaukee,1,1,1,0,0,0,0,0,0,0,0,1,0,0,0,0,0,0
Evan Longoria,MLB-NL,2019-04-05,San Francisco,,Tampa Bay,1,5,5,0,0,0,0,0,0,0,0,1,0,0,0,0,0,0
Pablo Lopez,MLB-NL,2019-04-05,Miami,@,Atlanta,1,1,1,0,0,0,0,0,0,0,0,1,0,0,0,0,0,0
Brandon Lowe,MLB-AL,2019-04-05,Tampa Bay,@,San Francisco,1,5,5,1,1,1,0,0,1,0,0,0,0,0,0,0,0,0
Jonathan Lucroy,MLB-AL,2019-04-05,Los Angeles,,Texas,1,3,3,0,0,0,0,0,0,0,0,1,0,0,0,0,0,0
Manny Machado,MLB-NL,2019-04-05,San Diego,@,St. Louis,1,5,2,1,1,0,0,0,0,3,0,0,0,0,0,0,0,0
Kenta Maeda,MLB-NL,2019-04-05,Los Angeles,@,Colorado,1,3,2,0,1,1,0,0,0,0,0,0,0,1,0,0,0,0
Luke Maile,MLB-AL,2019-04-05,Toronto,@,Cleveland,1,3,3,0,0,0,0,0,0,0,0,1,0,0,0,0,0,0
Nick Margevicius,MLB-NL,2019-04-05,San Diego,@,St. Louis,1,2,2,0,0,0,0,0,0,0,0,1,0,0,0,0,0,0
Manuel Margot,MLB-NL,2019-04-05,San Diego,@,St. Louis,1,1,1,0,0,0,0,0,0,0,0,1,0,0,0,0,0,0
Nick Markakis,MLB-NL,2019-04-05,Atlanta,,Miami,1,4,4,0,0,0,0,0,0,0,0,2,0,0,0,0,0,0
Ketel Marte,MLB-NL,2019-04-05,Arizona,,Boston,1,5,5,2,2,0,0,2,5,0,0,2,0,0,0,0,0,0
Starling Marte,MLB-NL,2019-04-05,Pittsburgh,,Cincinnati,1,4,4,0,1,0,0,0,0,0,0,0,0,0,0,0,1,0
Leonys Martin,MLB-AL,2019-04-05,Cleveland,,Toronto,1,4,4,0,0,0,0,0,0,0,0,3,0,0,0,1,0,0
Russell Martin,MLB-NL,2019-04-05,Los Angeles,@,Colorado,1,5,3,2,2,0,0,1,2,1,0,0,0,0,1,0,0,0
J.D. Martinez,MLB-AL,2019-04-05,Boston,@,Arizona,1,5,4,0,1,0,0,0,0,1,0,0,0,0,0,0,0,0
Jose Martinez,MLB-NL,2019-04-05,St. Louis,,San Diego,1,1,1,0,0,0,0,0,0,0,0,1,0,0,0,0,0,0
Jeff Mathis,MLB-AL,2019-04-05,Texas,@,Los Angeles,1,3,3,0,0,0,0,0,0,0,0,3,0,0,0,0,0,0
Nomar Mazara,MLB-AL,2019-04-05,Texas,@,Los Angeles,1,4,4,0,0,0,0,0,0,0,0,2,0,0,0,0,0,0
Andrew McCutchen,MLB-NL,2019-04-05,Philadelphia,,Minnesota,1,5,3,2,1,0,0,0,0,2,0,2,0,0,0,0,0,0
Billy McKinney,MLB-AL,2019-04-05,Toronto,@,Cleveland,1,3,2,0,0,0,0,0,0,1,0,1,0,0,0,0,0,0
Ryan McMahon,MLB-NL,2019-04-05,Colorado,,Los Angeles,1,5,3,0,0,0,0,0,0,2,0,1,0,0,0,0,0,0
Austin Meadows,MLB-AL,2019-04-05,Tampa Bay,@,San Francisco,1,5,5,0,2,1,0,0,1,0,0,1,0,0,0,0,0,0
Francisco Mejia,MLB-NL,2019-04-05,San Diego,@,St. Louis,1,4,3,0,0,0,0,0,0,1,0,1,0,0,0,0,0,0
Brad Miller,MLB-AL,2019-04-05,Cleveland,,Toronto,1,3,3,0,0,0,0,0,0,0,0,0,0,0,0,0,0,0
Yadier Molina,MLB-NL,2019-04-05,St. Louis,,San Diego,1,4,4,0,0,0,0,0,0,0,0,0,0,0,0,0,0,0
Yoan Moncada,MLB-AL,2019-04-05,Chicago,,Seattle,1,4,4,0,2,1,0,0,4,0,0,1,0,0,0,0,0,0
Dylan Moore,MLB-AL,2019-04-05,Seattle,@,Chicago,1,2,2,0,0,0,0,0,0,0,0,0,0,0,0,0,0,0
Kendrys Morales,MLB-AL,2019-04-05,Oakland,@,Houston,1,4,3,1,1,0,0,0,0,1,0,1,0,0,0,0,0,0
Colin Moran,MLB-NL,2019-04-05,Pittsburgh,,Cincinnati,1,2,2,0,0,0,0,0,0,0,0,2,0,0,0,0,0,0
Mitch Moreland,MLB-AL,2019-04-05,Boston,@,Arizona,1,5,5,1,1,0,0,1,3,0,0,1,0,0,0,0,0,0
Max Moroff,MLB-AL,2019-04-05,Cleveland,,Toronto,1,3,3,0,1,1,0,0,1,0,0,1,0,0,0,0,0,0
Mike Moustakas,MLB-NL,2019-04-05,Milwaukee,,Chicago,1,5,5,0,0,0,0,0,0,0,0,1,0,0,0,2,0,0
Max Muncy,MLB-NL,2019-04-05,Los Angeles,@,Colorado,1,5,4,1,3,0,1,1,3,1,0,0,0,0,0,0,0,0
Joe Musgrove,MLB-NL,2019-04-05,Pittsburgh,,Cincinnati,1,2,2,0,0,0,0,0,0,0,0,2,0,0,0,0,0,0
Wil Myers,MLB-NL,2019-04-05,San Diego,@,St. Louis,1,5,5,0,0,0,0,0,0,0,0,3,0,0,0,0,0,0
Tyler Naquin,MLB-AL,2019-04-05,Cleveland,,Toronto,1,4,4,0,0,0,0,0,0,0,0,2,0,0,0,0,0,0
Omar Narvaez,MLB-AL,2019-04-05,Seattle,@,Chicago,1,4,4,1,3,0,0,0,0,0,0,0,0,0,0,0,0,0
Eduardo Nunez,MLB-AL,2019-04-05,Boston,@,Arizona,1,1,1,0,1,0,0,0,0,0,0,0,0,0,0,0,0,0
Peter O'Brien,MLB-NL,2019-04-05,Miami,@,Atlanta,1,3,2,0,0,0,0,0,0,1,0,2,0,0,0,0,0,0
Tyler O'Neill,MLB-NL,2019-04-05,St. Louis,,San Diego,1,1,1,0,0,0,0,0,0,0,0,1,0,0,0,0,0,0
Rougned Odor,MLB-AL,2019-04-05,Texas,@,Los Angeles,1,4,4,0,1,1,0,0,0,0,0,2,0,0,0,0,0,0
Marcell Ozuna,MLB-NL,2019-04-05,St. Louis,,San Diego,1,4,4,0,1,0,0,0,1,0,0,0,0,0,0,0,0,0
Daniel Palka,MLB-AL,2019-04-05,Chicago,,Seattle,1,1,1,0,0,0,0,0,0,0,0,0,0,0,0,0,0,0
Joe Panik,MLB-NL,2019-04-05,San Francisco,,Tampa Bay,1,4,3,0,1,0,0,0,0,1,0,0,0,0,0,0,0,0
Gerardo Parra,MLB-NL,2019-04-05,San Francisco,,Tampa Bay,1,4,4,0,0,0,0,0,0,0,0,2,0,0,0,0,0,0
Joc Pederson,MLB-NL,2019-04-05,Los Angeles,@,Colorado,1,3,3,0,0,0,0,0,0,0,0,2,0,0,0,0,0,0
Hunter Pence,MLB-AL,2019-04-05,Texas,@,Los Angeles,1,1,1,0,0,0,0,0,0,0,0,0,0,0,0,0,0,0
David Peralta,MLB-NL,2019-04-05,Arizona,,Boston,1,5,5,0,2,0,0,0,0,0,0,1,0,0,0,1,0,0
Jose Peraza,MLB-NL,2019-04-05,Cincinnati,@,Pittsburgh,1,3,3,0,0,0,0,0,0,0,0,0,0,0,0,0,0,0
Hernan Perez,MLB-NL,2019-04-05,Milwaukee,,Chicago,1,5,5,2,2,0,0,1,1,0,0,3,0,0,0,0,0,0
Martin Perez,MLB-AL,2019-04-05,Minnesota,@,Philadelphia,1,1,1,1,0,0,0,0,0,0,0,0,0,0,0,0,0,0
Michael Perez,MLB-AL,2019-04-05,Tampa Bay,@,San Francisco,1,4,3,1,1,1,0,0,0,1,0,1,0,0,0,0,0,0
Tommy Pham,MLB-AL,2019-04-05,Tampa Bay,@,San Francisco,1,5,5,0,1,0,0,0,0,0,0,1,0,0,0,0,0,0
Kevin Pillar,MLB-NL,2019-04-05,San Francisco,,Tampa Bay,1,4,4,1,1,0,0,0,0,0,0,0,0,0,0,1,0,0
Chad Pinder,MLB-AL,2019-04-05,Oakland,@,Houston,1,1,1,0,0,0,0,0,0,0,0,0,0,0,0,0,0,0
Stephen Piscotty,MLB-AL,2019-04-05,Oakland,@,Houston,1,4,3,0,0,0,0,0,0,1,0,0,0,0,0,0,0,0
Nick Pivetta,MLB-NL,2019-04-05,Philadelphia,,Minnesota,1,2,2,0,0,0,0,0,0,0,0,2,0,0,0,0,0,0
Kevin Plawecki,MLB-AL,2019-04-05,Cleveland,,Toronto,1,3,3,1,1,0,0,1,1,0,0,1,0,0,0,0,0,0
Jorge Polanco,MLB-AL,2019-04-05,Minnesota,@,Philadelphia,1,5,5,1,5,1,1,1,1,0,0,0,0,0,0,0,0,0
A.J. Pollock,MLB-NL,2019-04-05,Los Angeles,@,Colorado,1,5,5,2,2,0,0,0,0,0,0,0,0,0,0,0,0,0
Rick Porcello,MLB-AL,2019-04-05,Boston,@,Arizona,1,2,2,0,0,0,0,0,0,0,0,0,0,0,0,0,0,0
Buster Posey,MLB-NL,2019-04-05,San Francisco,,Tampa Bay,1,4,4,0,2,1,0,0,0,0,0,1,0,0,0,0,0,0
Martin Prado,MLB-NL,2019-04-05,Miami,@,Atlanta,1,1,1,0,1,1,0,0,0,0,0,0,0,0,0,0,0,0
Jurickson Profar,MLB-AL,2019-04-05,Oakland,@,Houston,1,4,4,0,0,0,0,0,0,0,0,1,0,0,0,0,0,0
Yasiel Puig,MLB-NL,2019-04-05,Cincinnati,@,Pittsburgh,1,4,4,0,0,0,0,0,0,0,0,1,0,0,0,0,0,0
Albert Pujols,MLB-AL,2019-04-05,Los Angeles,,Texas,1,3,3,0,1,0,0,0,0,0,0,0,0,0,0,0,0,0
Jose Quintana,MLB-NL,2019-04-05,Chicago,@,Milwaukee,1,1,1,0,0,0,0,0,0,0,0,1,0,0,0,0,0,0
Hanley Ramirez,MLB-AL,2019-04-05,Cleveland,,Toronto,1,3,3,1,1,0,0,0,0,0,0,2,0,0,0,0,0,0
Jose Ramirez,MLB-AL,2019-04-05,Cleveland,,Toronto,1,1,0,0,0,0,0,0,0,1,0,0,0,0,0,0,1,0
J.T. Realmuto,MLB-NL,2019-04-05,Philadelphia,,Minnesota,1,5,3,2,0,0,0,0,0,1,0,0,1,0,0,0,0,0
Josh Reddick,MLB-AL,2019-04-05,Houston,,Oakland,1,4,4,0,1,0,0,0,0,0,0,1,0,0,0,0,0,0
Hunter Renfroe,MLB-NL,2019-04-05,San Diego,@,St. Louis,1,1,1,1,1,0,0,1,2,0,0,0,0,0,0,0,0,0
Franmil Reyes,MLB-NL,2019-04-05,San Diego,@,St. Louis,1,4,3,1,1,0,0,0,0,1,0,1,0,0,0,0,0,0
Pablo Reyes,MLB-NL,2019-04-05,Pittsburgh,,Cincinnati,1,1,1,0,0,0,0,0,0,0,0,1,0,0,0,0,0,0
Mark Reynolds,MLB-NL,2019-04-05,Colorado,,Los Angeles,1,1,1,0,0,0,0,0,0,0,0,0,0,0,0,0,0,0
JT Riddle,MLB-NL,2019-04-05,Miami,@,Atlanta,1,3,3,0,1,0,0,0,0,0,0,0,0,0,0,0,0,0
Anthony Rizzo,MLB-NL,2019-04-05,Chicago,@,Milwaukee,1,5,4,1,1,0,0,0,0,0,0,1,1,0,0,0,0,0
Daniel Robertson,MLB-AL,2019-04-05,Tampa Bay,@,San Francisco,1,1,1,0,0,0,0,0,0,0,0,0,0,0,0,0,0,0
Dereck Rodriguez,MLB-NL,2019-04-05,San Francisco,,Tampa Bay,1,2,2,0,0,0,0,0,0,0,0,1,0,0,0,0,0,0
Jose Rondon,MLB-AL,2019-04-05,Chicago,,Seattle,1,3,3,0,1,1,0,0,0,0,0,0,0,0,0,1,0,0
Eddie Rosario,MLB-AL,2019-04-05,Minnesota,@,Philadelphia,1,5,5,0,1,0,0,0,0,0,0,2,0,0,0,0,0,0
Yolmer Sanchez,MLB-AL,2019-04-05,Chicago,,Seattle,1,1,1,0,0,0,0,0,0,0,0,0,0,0,0,0,0,0
Pablo Sandoval,MLB-NL,2019-04-05,San Francisco,,Tampa Bay,1,1,1,1,1,1,0,0,1,0,0,0,0,0,0,0,0,0
Carlos Santana,MLB-AL,2019-04-05,Cleveland,,Toronto,1,4,4,1,1,0,0,1,1,0,0,0,0,0,0,0,0,0
Domingo Santana,MLB-AL,2019-04-05,Seattle,@,Chicago,1,5,4,1,1,0,0,1,2,1,0,1,0,0,0,0,0,0
Scott Schebler,MLB-NL,2019-04-05,Cincinnati,@,Pittsburgh,1,1,1,0,0,0,0,0,0,0,0,0,0,0,0,0,0,0
Jonathan Schoop,MLB-AL,2019-04-05,Minnesota,@,Philadelphia,1,4,4,0,2,0,0,0,0,0,0,2,0,0,0,0,0,0
Kyle Schwarber,MLB-NL,2019-04-05,Chicago,@,Milwaukee,1,5,5,1,1,0,0,0,1,0,0,1,0,0,0,0,0,0
Corey Seager,MLB-NL,2019-04-05,Los Angeles,@,Colorado,1,5,4,1,2,0,0,0,1,1,0,0,0,0,0,0,0,0
Jean Segura,MLB-NL,2019-04-05,Philadelphia,,Minnesota,1,5,5,2,2,1,0,0,1,0,0,0,0,0,0,0,0,0
Marcus Semien,MLB-AL,2019-04-05,Oakland,@,Houston,1,4,4,0,1,0,0,0,0,0,0,2,0,0,0,0,0,0
JB Shuck,MLB-NL,2019-04-05,Pittsburgh,,Cincinnati,1,3,3,1,1,0,0,0,0,0,0,1,0,0,0,0,0,0
Mallex Smith,MLB-AL,2019-04-05,Seattle,@,Chicago,1,5,3,1,0,0,0,0,0,2,0,2,0,0,0,0,0,0
Yangervis Solarte,MLB-NL,2019-04-05,San Francisco,,Tampa Bay,1,1,0,0,0,0,0,0,0,1,0,0,0,0,0,0,0,0
George Springer,MLB-AL,2019-04-05,Houston,,Oakland,1,4,4,1,1,0,0,0,0,0,0,0,0,0,0,1,0,0
Eric Stamets,MLB-AL,2019-04-05,Cleveland,,Toronto,1,2,1,0,0,0,0,0,0,1,0,1,0,0,0,0,0,0
Trevor Story,MLB-NL,2019-04-05,Colorado,,Los Angeles,1,5,5,2,2,0,0,2,3,0,0,2,0,0,0,0,0,0
Eugenio Suarez,MLB-NL,2019-04-05,Cincinnati,@,Pittsburgh,1,3,2,0,1,1,0,0,0,1,0,1,0,0,0,0,0,0
Dansby Swanson,MLB-NL,2019-04-05,Atlanta,,Miami,1,3,2,1,0,0,0,0,0,1,0,1,0,0,0,0,0,0
Blake Swihart,MLB-AL,2019-04-05,Boston,@,Arizona,1,4,4,1,2,1,0,0,2,0,0,0,0,0,0,0,0,0
Raimel Tapia,MLB-NL,2019-04-05,Colorado,,Los Angeles,1,1,1,0,1,0,0,0,0,0,0,0,0,0,0,0,0,0
Fernando Tatis Jr.,MLB-NL,2019-04-05,San Diego,@,St. Louis,1,4,4,1,2,0,0,1,2,0,0,1,0,0,0,0,0,0
Chris Taylor,MLB-NL,2019-04-05,Los Angeles,@,Colorado,1,2,2,0,0,0,0,0,0,0,0,1,0,0,0,0,0,0
Rowdy Tellez,MLB-AL,2019-04-05,Toronto,@,Cleveland,1,4,3,1,0,0,0,0,0,1,0,3,0,0,0,0,0,0
Eric Thames,MLB-NL,2019-04-05,Milwaukee,,Chicago,1,1,1,1,1,0,0,1,3,0,0,0,0,0,0,0,0,0
Mike Trout,MLB-AL,2019-04-05,Los Angeles,,Texas,1,4,4,2,2,0,0,2,2,0,0,0,0,0,0,1,0,0
Justin Turner,MLB-NL,2019-04-05,Los Angeles,@,Colorado,1,5,5,1,2,1,0,0,1,0,0,1,0,0,0,1,0,0
Richard Urena,MLB-AL,2019-04-05,Toronto,@,Cleveland,1,3,3,0,1,1,0,0,0,0,0,1,0,0,0,0,0,0
Pat Valaika,MLB-NL,2019-04-05,Colorado,,Los Angeles,1,3,2,1,0,0,0,0,0,1,0,0,0,0,0,0,0,0
Ildemaro Vargas,MLB-NL,2019-04-05,Arizona,,Boston,1,2,2,1,1,0,0,1,2,0,0,0,0,0,0,0,0,0
Alex Verdugo,MLB-NL,2019-04-05,Los Angeles,@,Colorado,1,1,1,0,0,0,0,0,0,0,0,0,0,0,0,0,0,0
Daniel Vogelbach,MLB-AL,2019-04-05,Seattle,@,Chicago,1,4,4,1,2,0,0,1,1,0,0,1,0,0,0,0,0,0
Joey Votto,MLB-NL,2019-04-05,Cincinnati,@,Pittsburgh,1,4,4,0,1,1,0,0,0,0,0,1,0,0,0,0,0,0
Christian Walker,MLB-NL,2019-04-05,Arizona,,Boston,1,5,4,1,0,0,0,0,0,1,1,2,0,0,0,0,0,0
Neil Walker,MLB-NL,2019-04-05,Miami,@,Atlanta,1,4,3,0,0,0,0,0,0,1,0,0,0,0,0,1,0,0
Jesse Winker,MLB-NL,2019-04-05,Cincinnati,@,Pittsburgh,1,3,2,0,0,0,0,0,0,0,0,1,1,0,0,0,0,0
Tony Wolters,MLB-NL,2019-04-05,Colorado,,Los Angeles,1,4,4,0,1,0,0,0,0,0,0,0,0,0,0,0,0,0
Kolten Wong,MLB-NL,2019-04-05,St. Louis,,San Diego,1,3,3,0,0,0,0,0,0,0,0,0,0,0,0,0,0,0
Brandon Woodruff,MLB-NL,2019-04-05,Milwaukee,,Chicago,1,2,1,1,1,0,0,0,0,1,0,0,0,0,0,0,0,0
Christian Yelich,MLB-NL,2019-04-05,Milwaukee,,Chicago,1,5,5,2,2,1,0,0,2,0,0,0,0,0,0,0,0,0
Mark Zagunis,MLB-NL,2019-04-05,Chicago,@,Milwaukee,1,1,1,0,0,0,0,0,0,0,0,1,0,0,0,0,0,0
Ben Zobrist,MLB-NL,2019-04-05,Chicago,@,Milwaukee,1,5,5,0,1,0,0,0,0,0,0,1,0,0,0,0,0,0
Jose Abreu,MLB-AL,2019-09-28,Chicago,,Detroit,2,8,7,0,1,0,0,0,0,1,0,1,0,0,0,1,0,0
Cristhian Adames,MLB-NL,2019-09-28,San Francisco,,Los Angeles,1,0,0,0,0,0,0,0,0,0,0,0,0,0,0,0,0,0
Matt Adams,MLB-NL,2019-09-28,Washington,,Cleveland,1,1,1,0,0,0,0,0,0,0,0,1,0,0,0,0,0,0
Jesus Aguilar,MLB-AL,2019-09-28,Tampa Bay,@,Toronto,1,4,4,0,0,0,0,0,0,0,0,1,0,0,0,0,0,0
Nick Ahmed,MLB-NL,2019-09-28,Arizona,,San Diego,1,4,4,0,0,0,0,0,0,0,0,0,0,0,0,1,0,0
R.J. Alaniz,MLB-NL,2019-09-28,Cincinnati,@,Pittsburgh,1,1,1,0,1,0,0,0,1,0,0,0,0,0,0,0,0,0
Ozzie Albies,MLB-NL,2019-09-28,Atlanta,@,New York,1,4,4,0,1,0,0,0,0,0,0,0,0,0,0,0,0,0
Jorge Alfaro,MLB-NL,2019-09-28,Miami,@,Philadelphia,1,4,4,0,1,1,0,0,0,0,0,0,0,0,0,0,0,0
Anthony Alford,MLB-AL,2019-09-28,Toronto,,Tampa Bay,1,2,2,0,0,0,0,0,0,0,0,0,0,0,0,0,1,0
Greg Allen,MLB-AL,2019-09-28,Cleveland,@,Washington,1,1,0,0,0,0,0,0,0,1,0,0,0,0,0,0,0,0
Albert Almora,MLB-NL,2019-09-28,Chicago,@,St. Louis,1,1,1,0,0,0,0,0,0,0,0,0,0,0,0,0,0,0
Pete Alonso,MLB-NL,2019-09-28,New York,,Atlanta,1,3,3,1,1,0,0,1,1,0,0,1,0,0,0,1,0,0
Jose Altuve,MLB-AL,2019-09-28,Houston,@,Los Angeles,1,5,5,1,3,1,0,1,3,0,0,0,0,0,0,0,0,0
Yordan Alvarez,MLB-AL,2019-09-28,Houston,@,Los Angeles,1,4,4,0,0,0,0,0,0,0,0,3,0,0,0,0,0,0
Tim Anderson,MLB-AL,2019-09-28,Chicago,,Detroit,1,4,2,0,0,0,0,0,0,2,0,1,0,0,0,0,0,0
Elvis Andrus,MLB-AL,2019-09-28,Texas,,New York,1,5,3,1,0,0,0,0,0,2,1,1,0,0,0,0,0,0
Aristides Aquino,MLB-NL,2019-09-28,Cincinnati,@,Pittsburgh,1,6,6,0,0,0,0,0,0,0,0,2,0,0,0,0,0,0
Orlando Arcia,MLB-NL,2019-09-28,Milwaukee,@,Colorado,1,4,4,0,2,1,0,0,1,0,0,0,0,0,0,0,0,0
Randy Arozarena,MLB-NL,2019-09-28,St. Louis,,Chicago,1,0,0,0,0,0,0,0,0,0,0,0,0,0,0,0,0,0
Luis Arraez,MLB-AL,2019-09-28,Minnesota,@,Kansas City,1,4,4,0,0,0,0,0,0,0,0,0,0,0,0,0,0,0
Humberto Arteaga,MLB-AL,2019-09-28,Kansas City,,Minnesota,1,4,4,0,0,0,0,0,0,0,0,3,0,0,0,0,0,0
Willians Astudillo,MLB-AL,2019-09-28,Minnesota,@,Kansas City,1,4,4,0,2,1,0,0,2,0,0,0,0,0,0,0,0,0
Alex Avila,MLB-NL,2019-09-28,Arizona,,San Diego,1,4,3,1,0,0,0,0,0,1,0,2,0,0,0,0,0,0
Harrison Bader,MLB-NL,2019-09-28,St. Louis,,Chicago,1,4,2,2,1,0,0,1,1,1,0,1,1,0,0,0,0,0
Tucker Barnhart,MLB-NL,2019-09-28,Cincinnati,@,Pittsburgh,1,6,5,1,1,0,0,1,1,1,0,1,0,0,0,0,0,0
Steven Baron,MLB-NL,2019-09-28,Pittsburgh,,Cincinnati,1,1,1,0,1,1,0,0,1,0,0,0,0,0,0,0,0,0
Jake Bauers,MLB-AL,2019-09-28,Cleveland,@,Washington,1,4,3,0,0,0,0,0,0,1,0,1,0,0,0,0,0,0
Matt Beaty,MLB-NL,2019-09-28,Los Angeles,@,San Francisco,1,2,2,0,0,0,0,0,0,0,0,1,0,0,0,0,0,0
Gordon Beckham,MLB-AL,2019-09-28,Detroit,@,Chicago,1,4,4,1,1,0,0,0,0,0,0,1,0,0,0,0,0,0
Cody Bellinger,MLB-NL,2019-09-28,Los Angeles,@,San Francisco,1,3,3,0,1,1,0,0,0,0,0,0,0,0,0,0,0,0
Brandon Belt,MLB-NL,2019-09-28,San Francisco,,Los Angeles,1,1,1,0,1,0,0,0,0,0,0,0,0,0,0,0,0,0
Jon Berti,MLB-NL,2019-09-28,Miami,@,Philadelphia,1,4,3,1,1,0,0,0,0,1,0,0,0,0,0,0,0,0
Cavan Biggio,MLB-AL,2019-09-28,Toronto,,Tampa Bay,1,4,3,1,1,0,0,0,0,0,0,0,1,0,0,0,0,0
Charlie Blackmon,MLB-NL,2019-09-28,Colorado,,Milwaukee,1,5,5,0,1,0,0,0,0,0,0,2,0,0,0,0,0,0
Alex Blandino,MLB-NL,2019-09-28,Cincinnati,@,Pittsburgh,1,1,1,0,0,0,0,0,0,0,0,1,0,0,0,0,0,0
Xander Bogaerts,MLB-AL,2019-09-28,Boston,,Baltimore,1,5,4,1,3,0,0,1,2,1,0,0,0,0,0,0,0,0
David Bote,MLB-NL,2019-09-28,Chicago,@,St. Louis,1,5,4,1,1,0,0,0,0,1,0,2,0,0,0,0,1,0
Jackie Bradley Jr.,MLB-AL,2019-09-28,Boston,,Baltimore,1,5,5,1,1,0,0,0,0,0,0,1,0,0,0,1,0,0
Steven Brault,MLB-NL,2019-09-28,Pittsburgh,,Cincinnati,1,1,1,0,0,0,0,0,0,0,0,0,0,0,0,0,0,0
Alex Bregman,MLB-AL,2019-09-28,Houston,@,Los Angeles,1,5,3,1,0,0,0,0,0,2,0,1,0,0,0,0,0,0
Lewis Brinson,MLB-NL,2019-09-28,Miami,@,Philadelphia,1,1,1,0,0,0,0,0,0,0,0,1,0,0,0,0,0,0
Seth Brown,MLB-AL,2019-09-28,Oakland,@,Seattle,1,1,1,0,0,0,0,0,0,0,0,1,0,0,0,0,0,0
Keon Broxton,MLB-AL,2019-09-28,Seattle,,Oakland,1,0,0,0,0,0,0,0,0,0,0,0,0,0,0,0,0,0
Drew Butera,MLB-NL,2019-09-28,Colorado,,Milwaukee,1,2,2,0,0,0,0,0,0,0,0,1,0,0,0,0,0,0
Asdrubal Cabrera,MLB-NL,2019-09-28,Washington,,Cleveland,1,4,3,1,1,0,0,0,1,1,0,1,0,0,0,0,0,0
Melky Cabrera,MLB-NL,2019-09-28,Pittsburgh,,Cincinnati,1,1,0,0,0,0,0,0,0,1,1,0,0,0,0,0,0,0
Miguel Cabrera,MLB-AL,2019-09-28,Detroit,@,Chicago,1,4,4,1,1,0,0,1,1,0,0,0,0,0,0,0,0,0
Lorenzo Cain,MLB-NL,2019-09-28,Milwaukee,@,Colorado,1,4,3,0,2,1,0,0,0,1,0,1,0,0,0,0,0,1
Kole Calhoun,MLB-AL,2019-09-28,Los Angeles,,Houston,1,4,4,1,1,0,0,0,0,0,0,3,0,0,0,0,0,0
Willie Calhoun,MLB-AL,2019-09-28,Texas,,New York,1,5,4,1,0,0,0,0,1,1,0,0,0,0,0,0,0,0
Jeimer Candelario,MLB-AL,2019-09-28,Detroit,@,Chicago,1,4,4,0,2,1,0,0,1,0,0,2,0,0,0,0,0,0
Mark Canha,MLB-AL,2019-09-28,Oakland,@,Seattle,1,4,3,0,1,0,0,0,0,1,0,0,0,0,0,0,1,0
Robinson Cano,MLB-NL,2019-09-28,New York,,Atlanta,1,3,3,0,0,0,0,0,0,0,0,0,0,0,0,0,0,0
Victor Caratini,MLB-NL,2019-09-28,Chicago,@,St. Louis,1,5,5,1,2,0,0,1,1,0,0,0,0,0,0,0,0,0
Matt Carpenter,MLB-NL,2019-09-28,St. Louis,,Chicago,1,4,4,0,0,0,0,0,0,0,0,4,0,0,0,0,0,0
Curt Casali,MLB-NL,2019-09-28,Cincinnati,@,Pittsburgh,1,1,1,0,0,0,0,0,0,0,0,0,0,0,0,0,0,0
Welington Castillo,MLB-AL,2019-09-28,Chicago,,Detroit,1,4,4,0,0,0,0,0,0,0,0,1,0,0,0,0,0,0
Harold Castro,MLB-AL,2019-09-28,Detroit,@,Chicago,1,4,4,0,0,0,0,0,0,0,0,3,0,0,0,0,0,0
Starlin Castro,MLB-NL,2019-09-28,Miami,@,Philadelphia,1,4,3,0,1,0,0,0,1,1,0,1,0,0,0,0,0,0
Willi Castro,MLB-AL,2019-09-28,Detroit,@,Chicago,1,3,2,0,0,0,0,0,0,1,0,0,0,0,0,0,0,0
Francisco Cervelli,MLB-NL,2019-09-28,Atlanta,@,New York,1,1,1,0,0,0,0,0,0,0,0,0,0,0,0,0,0,0
Yu Chang,MLB-AL,2019-09-28,Cleveland,@,Washington,1,4,3,1,1,0,0,0,0,1,0,1,0,0,0,1,0,0
Matt Chapman,MLB-AL,2019-09-28,Oakland,@,Seattle,1,4,4,0,1,0,0,0,0,0,0,0,0,0,0,0,0,0
Robinson Chirinos,MLB-AL,2019-09-28,Houston,@,Los Angeles,1,4,3,0,0,0,0,0,0,1,0,1,0,0,0,0,0,0
Shin-Soo Choo,MLB-AL,2019-09-28,Texas,,New York,1,5,4,2,1,0,0,0,0,1,0,2,0,0,0,0,1,0
Zack Collins,MLB-AL,2019-09-28,Chicago,,Detroit,1,4,3,0,1,0,0,0,2,0,0,1,1,0,0,0,0,0
Michael Conforto,MLB-NL,2019-09-28,New York,,Atlanta,1,3,3,0,0,0,0,0,0,0,0,3,0,0,0,0,0,0
Patrick Corbin,MLB-NL,2019-09-28,Washington,,Cleveland,1,2,2,1,1,0,0,0,1,0,0,0,0,0,0,0,0,0
Ryan Cordell,MLB-AL,2019-09-28,Chicago,,Detroit,1,4,3,1,1,0,0,0,1,1,0,1,0,0,0,0,1,0
Kaleb Cowart,MLB-AL,2019-09-28,Los Angeles,,Houston,1,3,3,0,0,0,0,0,0,0,0,2,0,0,0,1,0,0
J.P. Crawford,MLB-AL,2019-09-28,Seattle,,Oakland,1,4,4,0,0,0,0,0,0,0,0,1,0,0,0,0,0,0
C.J. Cron,MLB-AL,2019-09-28,Minnesota,@,Kansas City,1,0,0,0,0,0,0,0,0,0,0,0,0,0,0,0,0,0
Nelson Cruz,MLB-AL,2019-09-28,Minnesota,@,Kansas City,1,4,4,1,2,1,0,1,1,0,0,1,0,0,0,0,0,0
Cheslor Cuthbert,MLB-AL,2019-09-28,Kansas City,,Minnesota,1,3,3,0,0,0,0,0,0,0,0,1,0,0,0,0,0,0
Chris Davis,MLB-AL,2019-09-28,Baltimore,@,Boston,1,5,3,1,1,1,0,0,0,2,0,1,0,0,0,0,0,0
J.D. Davis,MLB-NL,2019-09-28,New York,,Atlanta,1,3,2,0,0,0,0,0,0,1,0,2,0,0,0,0,0,0
Jaylin Davis,MLB-NL,2019-09-28,San Francisco,,Los Angeles,1,4,4,0,1,0,0,0,0,0,0,1,0,0,0,0,0,0
Johnny Davis,MLB-AL,2019-09-28,Tampa Bay,@,Toronto,1,0,0,0,0,0,0,0,0,0,0,0,0,0,0,0,0,0
Jonathan Davis,MLB-AL,2019-09-28,Toronto,,Tampa Bay,1,1,0,0,0,0,0,0,0,1,0,0,0,0,0,0,0,0
Khris Davis,MLB-AL,2019-09-28,Oakland,@,Seattle,1,4,3,0,2,0,0,0,0,1,0,1,0,0,0,0,0,0
Rajai Davis,MLB-NL,2019-09-28,New York,,Atlanta,1,1,1,0,0,0,0,0,0,0,0,1,0,0,0,0,0,0
Yonathan Daza,MLB-NL,2019-09-28,Colorado,,Milwaukee,1,4,3,0,1,0,0,0,0,1,0,0,0,0,0,0,1,0
Austin Dean,MLB-NL,2019-09-28,Miami,@,Philadelphia,1,3,3,0,1,0,0,0,0,0,0,0,0,0,0,0,0,0
Paul DeJong,MLB-NL,2019-09-28,St. Louis,,Chicago,1,4,4,1,1,0,0,1,1,0,0,1,0,0,0,0,0,0
Travis Demeritte,MLB-AL,2019-09-28,Detroit,@,Chicago,1,4,3,1,1,0,0,0,0,0,0,0,1,0,0,0,0,0
Daniel Descalso,MLB-NL,2019-09-28,Chicago,@,St. Louis,1,1,1,0,0,0,0,0,0,0,0,1,0,0,0,0,0,0
Ian Desmond,MLB-NL,2019-09-28,Colorado,,Milwaukee,1,4,4,1,2,0,1,1,1,0,0,0,0,0,0,0,0,0
Rafael Devers,MLB-AL,2019-09-28,Boston,,Baltimore,1,5,5,0,1,0,0,0,0,0,0,0,0,0,0,0,0,0
Aledmys Diaz,MLB-AL,2019-09-28,Houston,@,Los Angeles,1,4,3,1,0,0,0,0,0,0,0,0,1,0,0,0,0,0
Isan Diaz,MLB-NL,2019-09-28,Miami,@,Philadelphia,1,4,3,0,0,0,0,0,0,1,0,1,0,0,0,0,0,0
Alex Dickerson,MLB-NL,2019-09-28,San Francisco,,Los Angeles,1,1,1,0,0,0,0,0,0,0,0,1,0,0,0,0,0,0
Nick Dini,MLB-AL,2019-09-28,Kansas City,,Minnesota,1,4,4,0,0,0,0,0,0,0,0,2,0,0,0,1,0,0
Brandon Dixon,MLB-AL,2019-09-28,Detroit,@,Chicago,2,3,3,0,0,0,0,0,0,0,0,1,0,0,0,0,0,0
Josh Donaldson,MLB-NL,2019-09-28,Atlanta,@,New York,1,4,3,0,0,0,0,0,0,0,0,0,1,0,0,0,0,0
Hunter Dozier,MLB-AL,2019-09-28,Kansas City,,Minnesota,1,4,4,0,0,0,0,0,0,0,0,0,0,0,0,0,0,0
Brandon Drury,MLB-AL,2019-09-28,Toronto,,Tampa Bay,1,4,3,0,0,0,0,0,0,1,0,2,0,0,0,0,0,0
Mauricio Dubon,MLB-NL,2019-09-28,San Francisco,,Los Angeles,1,4,4,0,1,0,0,0,0,0,0,3,0,0,0,0,0,0
Matt Duffy,MLB-AL,2019-09-28,Tampa Bay,@,Toronto,1,4,4,1,2,0,0,1,1,0,0,1,0,0,0,0,0,0
Adam Duvall,MLB-NL,2019-09-28,Atlanta,@,New York,1,4,4,0,2,0,1,0,0,0,0,1,0,0,0,0,0,0
Jarrod Dyson,MLB-NL,2019-09-28,Arizona,,San Diego,1,4,2,1,1,1,0,0,1,2,0,0,0,0,0,0,0,0
Adam Eaton,MLB-NL,2019-09-28,Washington,,Cleveland,1,5,3,1,1,0,0,0,1,1,0,0,1,0,0,0,0,0
Tommy Edman,MLB-NL,2019-09-28,St. Louis,,Chicago,1,5,4,0,2,0,1,0,3,0,0,1,1,0,0,0,0,0
Zach Eflin,MLB-NL,2019-09-28,Philadelphia,,Miami,1,3,3,1,0,0,0,0,0,0,0,1,0,0,0,0,0,0
Jake Elmore,MLB-NL,2019-09-28,Pittsburgh,,Cincinnati,1,5,4,0,0,0,0,0,0,1,0,1,0,0,0,0,0,1
Adam Engel,MLB-AL,2019-09-28,Chicago,,Detroit,2,7,7,1,3,1,0,0,0,0,0,2,0,0,0,0,0,0
Phil Ervin,MLB-NL,2019-09-28,Cincinnati,@,Pittsburgh,1,6,5,1,1,1,0,0,0,0,0,0,1,0,0,0,0,0
Eduardo Escobar,MLB-NL,2019-09-28,Arizona,,San Diego,1,4,4,0,0,0,0,0,0,0,0,1,0,0,0,0,0,0
Thairo Estrada,MLB-AL,2019-09-28,New York,@,Texas,1,1,1,0,0,0,0,0,0,0,0,0,0,0,0,0,0,0
Kyle Farmer,MLB-NL,2019-09-28,Cincinnati,@,Pittsburgh,1,3,2,1,1,0,0,0,0,1,0,0,0,0,0,0,0,0
Derek Fisher,MLB-AL,2019-09-28,Toronto,,Tampa Bay,1,0,0,0,0,0,0,0,0,0,0,0,0,0,0,0,0,0
Ryan Flaherty,MLB-AL,2019-09-28,Cleveland,@,Washington,1,1,1,0,0,0,0,0,0,0,0,0,0,0,0,0,0,0
David Fletcher,MLB-AL,2019-09-28,Los Angeles,,Houston,1,4,4,0,0,0,0,0,0,0,0,1,0,0,0,0,0,0
Mike Foltynewicz,MLB-NL,2019-09-28,Atlanta,@,New York,1,2,2,0,0,0,0,0,0,0,0,1,0,0,0,0,0,0
Mike Ford,MLB-AL,2019-09-28,New York,@,Texas,1,3,2,0,1,0,0,0,0,1,0,1,0,0,0,0,0,0
Dexter Fowler,MLB-NL,2019-09-28,St. Louis,,Chicago,1,5,3,1,0,0,0,0,0,2,0,2,0,0,0,0,0,0
Ty France,MLB-NL,2019-09-28,San Diego,@,Arizona,1,4,4,1,2,1,0,0,0,0,0,0,0,0,0,0,0,0
Maikel Franco,MLB-NL,2019-09-28,Philadelphia,,Miami,1,4,4,1,2,0,0,1,2,0,0,0,0,0,0,1,0,0
Adam Frazier,MLB-NL,2019-09-28,Pittsburgh,,Cincinnati,1,5,5,0,1,1,0,0,0,0,0,0,0,0,0,0,0,0
Clint Frazier,MLB-AL,2019-09-28,New York,@,Texas,1,1,0,1,0,0,0,0,0,1,0,0,0,0,0,0,0,0
Todd Frazier,MLB-NL,2019-09-28,New York,,Atlanta,1,3,3,1,1,0,0,0,0,0,0,2,0,0,0,0,0,0
Freddie Freeman,MLB-NL,2019-09-28,Atlanta,@,New York,1,4,3,0,1,0,0,0,0,1,0,2,0,0,0,0,0,0
Mike Freeman,MLB-AL,2019-09-28,Cleveland,@,Washington,1,4,4,0,2,0,0,0,0,0,0,2,0,0,0,0,0,0
David Freese,MLB-NL,2019-09-28,Los Angeles,@,San Francisco,1,1,1,0,0,0,0,0,0,0,0,1,0,0,0,0,0,0
Max Fried,MLB-NL,2019-09-28,Atlanta,@,New York,1,1,1,0,0,0,0,0,0,0,0,0,0,0,0,0,0,0
Josh Fuentes,MLB-NL,2019-09-28,Colorado,,Milwaukee,1,4,4,0,1,0,0,0,0,0,0,2,0,0,0,0,1,0
Ben Gamel,MLB-NL,2019-09-28,Milwaukee,@,Colorado,1,4,4,1,2,1,0,0,0,0,0,1,0,0,0,0,0,0
Greg Garcia,MLB-NL,2019-09-28,San Diego,@,Arizona,1,1,1,0,0,0,0,0,0,0,0,0,0,0,0,0,0,0
Leury Garcia,MLB-AL,2019-09-28,Chicago,,Detroit,2,9,7,0,2,0,0,0,1,1,0,1,0,1,0,0,0,0
Brett Gardner,MLB-AL,2019-09-28,New York,@,Texas,1,2,1,0,0,0,0,0,1,0,0,1,0,0,1,0,0,0
Mitch Garver,MLB-AL,2019-09-28,Minnesota,@,Kansas City,1,4,3,2,2,2,0,0,0,1,0,1,0,0,0,0,0,0
Paul Goldschmidt,MLB-NL,2019-09-28,St. Louis,,Chicago,1,5,5,0,1,0,0,0,0,0,0,2,0,0,0,1,0,0
Yan Gomes,MLB-NL,2019-09-28,Washington,,Cleveland,1,4,3,1,0,0,0,0,0,1,0,1,0,0,0,0,0,0
Chi Chi Gonzalez,MLB-NL,2019-09-28,Colorado,,Milwaukee,1,2,2,0,0,0,0,0,0,0,0,1,0,0,0,0,0,0
Erik Gonzalez,MLB-NL,2019-09-28,Pittsburgh,,Cincinnati,1,5,5,0,0,0,0,0,0,0,0,1,0,0,0,0,0,0
Gio Gonzalez,MLB-NL,2019-09-28,Milwaukee,@,Colorado,1,2,2,0,0,0,0,0,0,0,0,1,0,0,0,0,0,0
Brian Goodwin,MLB-AL,2019-09-28,Los Angeles,,Houston,1,4,4,1,1,0,0,1,1,0,0,2,0,0,0,0,0,0
Alex Gordon,MLB-AL,2019-09-28,Kansas City,,Minnesota,1,4,3,0,2,0,0,0,0,1,0,1,0,0,0,0,0,0
Dee Gordon,MLB-AL,2019-09-28,Seattle,,Oakland,1,0,0,0,0,0,0,0,0,0,0,0,0,0,0,0,0,0
Phil Gosselin,MLB-NL,2019-09-28,Philadelphia,,Miami,1,5,5,1,1,0,0,0,0,0,0,0,0,0,0,0,0,0
Yasmani Grandal,MLB-NL,2019-09-28,Milwaukee,@,Colorado,1,4,3,0,0,0,0,0,0,1,0,1,0,0,0,0,0,0
Curtis Granderson,MLB-NL,2019-09-28,Miami,@,Philadelphia,1,2,2,0,0,0,0,0,0,0,0,2,0,0,0,0,0,0
Didi Gregorius,MLB-AL,2019-09-28,New York,@,Texas,1,4,4,0,1,1,0,0,3,0,0,0,0,0,0,0,0,0
Grayson Greiner,MLB-AL,2019-09-28,Detroit,@,Chicago,1,3,3,0,1,0,0,0,0,0,0,2,0,0,0,0,0,0
Randal Grichuk,MLB-AL,2019-09-28,Toronto,,Tampa Bay,1,4,4,1,1,0,1,0,1,0,0,1,0,0,0,1,0,0
Trent Grisham,MLB-NL,2019-09-28,Milwaukee,@,Colorado,1,5,5,0,0,0,0,0,0,0,0,3,0,0,0,0,0,0
Robbie Grossman,MLB-AL,2019-09-28,Oakland,@,Seattle,1,0,0,0,0,0,0,0,0,0,0,0,0,0,0,0,0,0
Deivy Grullon,MLB-NL,2019-09-28,Philadelphia,,Miami,1,4,4,0,1,1,0,0,1,0,0,0,0,0,0,0,0,0
Yuli Gurriel,MLB-AL,2019-09-28,Houston,@,Los Angeles,1,4,4,0,1,0,0,0,0,0,0,0,0,0,0,0,1,0
Ronald Guzman,MLB-AL,2019-09-28,Texas,,New York,1,5,3,0,1,0,0,0,0,1,0,0,1,0,0,0,0,0
Jedd Gyorko,MLB-NL,2019-09-28,Los Angeles,@,San Francisco,1,1,1,0,0,0,0,0,0,0,0,0,0,0,0,0,0,0
Eric Haase,MLB-AL,2019-09-28,Cleveland,@,Washington,1,4,4,1,1,0,0,1,3,0,0,1,0,0,0,0,0,0
Cole Hamels,MLB-NL,2019-09-28,Chicago,@,St. Louis,1,2,2,0,2,0,0,0,0,0,0,0,0,0,0,0,0,0
Billy Hamilton,MLB-NL,2019-09-28,Atlanta,@,New York,1,3,2,0,0,0,0,0,0,1,1,1,0,0,0,0,0,0
Garrett Hampson,MLB-NL,2019-09-28,Colorado,,Milwaukee,1,5,5,0,1,0,0,0,0,0,0,0,0,0,0,0,0,0
Ian Happ,MLB-NL,2019-09-28,Chicago,@,St. Louis,1,5,5,2,3,0,0,2,4,0,0,0,0,0,0,0,0,0
Bryce Harper,MLB-NL,2019-09-28,Philadelphia,,Miami,1,5,4,1,1,0,0,1,3,0,0,0,1,0,0,0,1,0
Adam Haseley,MLB-NL,2019-09-28,Philadelphia,,Miami,1,4,4,1,3,0,0,0,2,0,0,0,0,0,0,1,0,0
Austin Hays,MLB-AL,2019-09-28,Baltimore,@,Boston,1,0,0,0,0,0,0,0,0,0,0,0,0,0,0,0,0,0
Austin Hedges,MLB-NL,2019-09-28,San Diego,@,Arizona,1,3,2,0,0,0,0,0,0,1,0,2,0,0,0,0,0,0
Scott Heineman,MLB-AL,2019-09-28,Texas,,New York,1,5,2,2,2,1,0,0,0,3,0,0,0,0,0,0,1,0
Guillermo Heredia,MLB-AL,2019-09-28,Tampa Bay,@,Toronto,1,2,2,0,0,0,0,0,0,0,0,1,0,0,0,0,0,0
Cesar Hernandez,MLB-NL,2019-09-28,Philadelphia,,Miami,1,5,4,1,1,0,0,1,1,1,0,0,0,0,0,0,0,0
Enrique Hernandez,MLB-NL,2019-09-28,Los Angeles,@,San Francisco,1,1,1,0,0,0,0,0,0,0,0,1,0,0,0,0,0,0
Gorkys Hernandez,MLB-AL,2019-09-28,Boston,,Baltimore,1,4,2,0,1,0,0,0,0,2,0,0,0,0,0,0,0,0
Marco Hernandez,MLB-AL,2019-09-28,Boston,,Baltimore,1,2,2,0,1,0,0,0,0,0,0,1,0,0,0,0,0,0
Teoscar Hernandez,MLB-AL,2019-09-28,Toronto,,Tampa Bay,1,4,2,1,1,0,0,1,1,2,0,1,0,0,0,0,0,0
John Hicks,MLB-AL,2019-09-28,Detroit,@,Chicago,2,4,4,1,2,1,0,1,3,0,0,1,0,0,0,0,0,0
Kyle Higashioka,MLB-AL,2019-09-28,New York,@,Texas,1,1,1,0,0,0,0,0,0,0,0,1,0,0,0,0,0,0
Sam Hilliard,MLB-NL,2019-09-28,Colorado,,Milwaukee,1,1,1,1,1,0,0,1,1,0,0,0,0,0,0,0,0,0
Keston Hiura,MLB-NL,2019-09-28,Milwaukee,@,Colorado,1,4,4,0,0,0,0,0,0,0,0,2,0,0,0,0,0,0
Nico Hoerner,MLB-NL,2019-09-28,Chicago,@,St. Louis,1,5,4,1,1,0,0,0,1,0,0,1,0,0,1,0,0,0
Brock Holt,MLB-AL,2019-09-28,Boston,,Baltimore,1,4,4,0,0,0,0,0,0,0,0,1,0,0,0,1,0,0
Rhys Hoskins,MLB-NL,2019-09-28,Philadelphia,,Miami,1,4,3,1,0,0,0,0,0,1,0,1,0,0,0,0,0,0
Eric Hosmer,MLB-NL,2019-09-28,San Diego,@,Arizona,1,4,4,1,1,0,0,1,1,0,0,2,0,0,0,0,0,0
Jose Iglesias,MLB-NL,2019-09-28,Cincinnati,@,Pittsburgh,1,6,4,1,3,1,0,0,2,2,0,0,0,0,0,0,0,0
Travis Jankowski,MLB-NL,2019-09-28,San Diego,@,Arizona,1,0,0,0,0,0,0,0,0,0,0,0,0,0,0,0,0,0
Danny Jansen,MLB-AL,2019-09-28,Toronto,,Tampa Bay,1,4,3,1,1,0,0,0,0,1,1,1,0,0,0,0,0,0
Eloy Jimenez,MLB-AL,2019-09-28,Chicago,,Detroit,2,8,7,2,2,0,0,1,1,1,0,2,0,0,0,0,0,0
Adam Jones,MLB-NL,2019-09-28,Arizona,,San Diego,1,1,1,0,0,0,0,0,0,0,0,0,0,0,0,0,0,0
Corban Joseph,MLB-NL,2019-09-28,Pittsburgh,,Cincinnati,1,3,3,0,0,0,0,0,0,0,0,0,0,0,0,0,0,0
Matthew Joyce,MLB-NL,2019-09-28,Atlanta,@,New York,1,1,1,0,0,0,0,0,0,0,0,0,0,0,0,0,0,0
Aaron Judge,MLB-AL,2019-09-28,New York,@,Texas,1,3,3,1,1,0,1,0,0,0,0,1,0,0,0,1,0,0
Tony Kemp,MLB-NL,2019-09-28,Chicago,@,St. Louis,1,5,5,0,1,0,0,0,1,0,0,0,0,0,0,0,0,0
Isiah Kiner-Falefa,MLB-AL,2019-09-28,Texas,,New York,1,4,4,1,2,0,0,0,1,0,0,2,0,0,0,0,0,0
Kevin Kramer,MLB-NL,2019-09-28,Pittsburgh,,Cincinnati,1,3,2,1,0,0,0,0,0,1,0,1,0,0,0,0,0,0
Ryan LaMarre,MLB-AL,2019-09-28,Minnesota,@,Kansas City,1,0,0,0,0,0,0,0,0,0,0,0,0,0,0,0,0,0
Jake Lamb,MLB-NL,2019-09-28,Arizona,,San Diego,1,4,2,0,1,1,0,0,0,2,0,0,0,0,0,0,0,0
Ramon Laureano,MLB-AL,2019-09-28,Oakland,@,Seattle,1,4,4,1,1,0,0,1,1,0,0,1,0,0,0,0,0,0
DJ LeMahieu,MLB-AL,2019-09-28,New York,@,Texas,1,3,3,0,0,0,0,0,0,0,0,0,0,0,0,1,0,0
Sandy Leon,MLB-AL,2019-09-28,Boston,,Baltimore,1,4,4,0,1,0,0,0,1,0,0,1,0,0,0,0,0,0
Kyle Lewis,MLB-AL,2019-09-28,Seattle,,Oakland,1,4,4,0,0,0,0,0,0,0,0,2,0,0,0,0,0,0
Domingo Leyba,MLB-NL,2019-09-28,Arizona,,San Diego,1,1,1,1,1,0,0,0,0,0,0,0,0,0,0,0,0,0
Francisco Lindor,MLB-AL,2019-09-28,Cleveland,@,Washington,1,2,2,0,0,0,0,0,0,0,0,1,0,0,0,0,0,0
Tim Locastro,MLB-NL,2019-09-28,Arizona,,San Diego,1,3,3,0,0,0,0,0,0,0,0,1,0,0,0,0,0,0
Shed Long,MLB-AL,2019-09-28,Seattle,,Oakland,1,4,4,0,0,0,0,0,0,0,0,1,0,0,0,0,0,0
Evan Longoria,MLB-NL,2019-09-28,San Francisco,,Los Angeles,1,4,3,0,0,0,0,0,0,0,0,0,1,0,0,0,0,0
Tim Lopes,MLB-AL,2019-09-28,Seattle,,Oakland,1,4,4,0,1,0,0,0,0,0,0,0,0,0,0,0,0,0
Nicky Lopez,MLB-AL,2019-09-28,Kansas City,,Minnesota,1,3,3,0,0,0,0,0,0,0,0,1,0,0,0,0,0,0
Michael Lorenzen,MLB-NL,2019-09-28,Cincinnati,@,Pittsburgh,1,3,3,0,1,0,0,0,0,0,0,1,0,0,0,0,0,0
Brandon Lowe,MLB-AL,2019-09-28,Tampa Bay,@,Toronto,1,4,2,0,0,0,0,0,0,2,0,1,0,0,0,0,0,0
Nate Lowe,MLB-AL,2019-09-28,Tampa Bay,@,Toronto,1,4,4,0,0,0,0,0,0,0,0,1,0,0,0,0,0,0
Jonathan Lucroy,MLB-NL,2019-09-28,Chicago,@,St. Louis,1,5,5,0,0,0,0,0,0,0,0,1,0,0,0,0,0,0
Dawel Lugo,MLB-AL,2019-09-28,Detroit,@,Chicago,2,7,7,0,0,0,0,0,0,0,0,2,0,0,0,1,0,0
Jordan Luplow,MLB-AL,2019-09-28,Cleveland,@,Washington,1,5,3,3,2,0,0,2,2,2,0,0,0,0,0,0,0,0
Gavin Lux,MLB-NL,2019-09-28,Los Angeles,@,San Francisco,1,3,3,1,1,1,0,0,0,0,0,1,0,0,0,0,0,0
Manny Machado,MLB-NL,2019-09-28,San Diego,@,Arizona,1,4,3,1,1,0,0,1,2,1,1,0,0,0,0,0,0,0
Trey Mancini,MLB-AL,2019-09-28,Baltimore,@,Boston,1,5,5,1,2,0,0,1,2,0,0,2,0,0,0,0,0,0
Manuel Margot,MLB-NL,2019-09-28,San Diego,@,Arizona,1,4,4,0,1,0,0,0,0,0,0,3,0,0,0,0,0,1
Jake Marisnick,MLB-AL,2019-09-28,Houston,@,Los Angeles,1,4,4,0,1,0,1,0,0,0,0,2,0,0,0,0,0,0
Nick Markakis,MLB-NL,2019-09-28,Atlanta,@,New York,1,4,3,0,0,0,0,0,0,1,0,2,0,0,0,0,0,0
Richie Martin,MLB-AL,2019-09-28,Baltimore,@,Boston,1,4,4,2,2,1,0,1,2,0,0,0,0,0,0,0,0,0
Russell Martin,MLB-NL,2019-09-28,Los Angeles,@,San Francisco,1,3,3,0,1,0,0,0,0,0,0,0,0,0,0,0,0,0
J.D. Martinez,MLB-AL,2019-09-28,Boston,,Baltimore,1,5,4,1,1,0,0,1,1,1,0,2,0,0,0,0,0,0
Jose Martinez,MLB-NL,2019-09-28,St. Louis,,Chicago,1,1,1,0,0,0,0,0,0,0,0,1,0,0,0,0,0,0
James Marvel,MLB-NL,2019-09-28,Pittsburgh,,Cincinnati,1,1,1,0,0,0,0,0,0,0,0,0,0,0,0,0,0,0
Steven Matz,MLB-NL,2019-09-28,New York,,Atlanta,1,2,2,0,0,0,0,0,0,0,0,0,0,0,0,0,0,0
Cameron Maybin,MLB-AL,2019-09-28,New York,@,Texas,1,1,1,0,0,0,0,0,0,0,0,1,0,0,0,0,0,0
Jack Mayfield,MLB-AL,2019-09-28,Houston,@,Los Angeles,1,0,0,0,0,0,0,0,0,0,0,0,0,0,0,0,0,0
Ryan McBroom,MLB-AL,2019-09-28,Kansas City,,Minnesota,1,1,0,0,0,0,0,0,0,1,0,0,0,0,0,0,0,0
Brian McCann,MLB-NL,2019-09-28,Atlanta,@,New York,1,3,1,0,0,0,0,0,0,2,0,0,0,0,0,0,0,0
James McCann,MLB-AL,2019-09-28,Chicago,,Detroit,1,4,4,1,1,0,0,0,0,0,0,1,0,0,0,0,0,0
Brendan McKay,MLB-AL,2019-09-28,Tampa Bay,@,Toronto,1,1,1,0,0,0,0,0,0,0,0,0,0,0,0,1,0,0
Billy McKinney,MLB-AL,2019-09-28,Toronto,,Tampa Bay,1,1,1,0,0,0,0,0,0,0,0,1,0,0,0,0,0,0
Ryan McMahon,MLB-NL,2019-09-28,Colorado,,Milwaukee,1,4,3,0,0,0,0,0,0,1,0,2,0,0,0,0,0,0
Alex McRae,MLB-NL,2019-09-28,Pittsburgh,,Cincinnati,1,1,1,0,1,0,0,0,0,0,0,0,0,0,0,0,0,0
Austin Meadows,MLB-AL,2019-09-28,Tampa Bay,@,Toronto,1,4,4,0,0,0,0,0,0,0,0,2,0,0,0,0,0,0
Erick Mejia,MLB-AL,2019-09-28,Kansas City,,Minnesota,1,4,4,0,0,0,0,0,0,0,0,3,0,0,0,0,0,0
Francisco Mejia,MLB-NL,2019-09-28,San Diego,@,Arizona,1,1,1,0,1,1,0,0,0,0,0,0,0,0,0,0,0,0
Seth Mejias-Brean,MLB-NL,2019-09-28,San Diego,@,Arizona,1,1,1,0,0,0,0,0,0,0,0,1,0,0,0,0,0,0
Danny Mendick,MLB-AL,2019-09-28,Chicago,,Detroit,2,8,8,1,2,0,0,1,2,0,0,2,0,0,0,1,0,0
Oscar Mercado,MLB-AL,2019-09-28,Cleveland,@,Washington,1,3,3,0,0,0,0,0,0,0,0,1,0,0,0,0,0,0
Jordy Mercer,MLB-AL,2019-09-28,Detroit,@,Chicago,1,5,4,0,0,0,0,0,0,1,0,1,0,0,0,0,0,0
Whit Merrifield,MLB-AL,2019-09-28,Kansas City,,Minnesota,1,4,4,0,3,0,0,0,0,0,0,1,0,0,0,0,1,0
Ian Miller,MLB-AL,2019-09-28,Minnesota,@,Kansas City,1,4,4,1,1,1,0,0,0,0,0,0,0,0,0,0,0,0
Yadier Molina,MLB-NL,2019-09-28,St. Louis,,Chicago,1,5,4,0,1,0,0,0,0,0,0,0,1,0,0,0,0,0
Yoan Moncada,MLB-AL,2019-09-28,Chicago,,Detroit,2,5,5,2,3,0,0,1,1,0,0,1,0,0,0,0,0,0
Dylan Moore,MLB-AL,2019-09-28,Seattle,,Oakland,1,1,0,0,0,0,0,0,0,0,0,0,1,0,0,0,0,0
Mike Moustakas,MLB-NL,2019-09-28,Milwaukee,@,Colorado,1,4,4,0,1,1,0,0,0,0,0,1,0,0,0,0,0,0
Max Muncy,MLB-NL,2019-09-28,Los Angeles,@,San Francisco,1,4,3,1,2,0,0,1,1,1,0,0,0,0,0,0,0,0
Daniel Murphy,MLB-NL,2019-09-28,Colorado,,Milwaukee,1,1,1,0,1,0,0,0,0,0,0,0,0,0,0,0,0,0
Sean Murphy,MLB-AL,2019-09-28,Oakland,@,Seattle,1,4,4,0,0,0,0,0,0,0,0,1,0,0,0,1,0,0
Tom Murphy,MLB-AL,2019-09-28,Seattle,,Oakland,1,4,4,0,2,0,0,0,0,0,0,0,0,0,0,0,0,0
Wil Myers,MLB-NL,2019-09-28,San Diego,@,Arizona,1,5,4,1,1,0,1,0,0,1,0,2,0,0,0,0,1,0
Omar Narvaez,MLB-AL,2019-09-28,Seattle,,Oakland,1,1,1,0,1,0,0,0,0,0,0,0,0,0,0,0,0,0
Josh Naylor,MLB-NL,2019-09-28,San Diego,@,Arizona,1,1,1,0,0,0,0,0,0,0,0,0,0,0,0,0,0,0
Kristopher Negron,MLB-NL,2019-09-28,Los Angeles,@,San Francisco,1,1,1,0,0,0,0,0,0,0,0,0,0,0,0,0,0,0
Sheldon Neuse,MLB-AL,2019-09-28,Oakland,@,Seattle,1,3,3,0,0,0,0,0,0,0,0,2,0,0,0,0,0,0
Kevin Newman,MLB-NL,2019-09-28,Pittsburgh,,Cincinnati,1,5,5,0,1,0,0,0,0,0,0,0,0,0,0,0,0,0
Brandon Nimmo,MLB-NL,2019-09-28,New York,,Atlanta,1,4,3,0,0,0,0,0,0,1,0,2,0,0,0,0,0,0
Austin Nola,MLB-AL,2019-09-28,Seattle,,Oakland,1,4,4,0,0,0,0,0,0,0,0,2,0,0,0,0,0,0
Dom Nunez,MLB-NL,2019-09-28,Colorado,,Milwaukee,1,0,0,0,0,0,0,0,0,0,0,0,0,0,0,0,0,0
Renato Nunez,MLB-AL,2019-09-28,Baltimore,@,Boston,1,5,5,1,1,0,0,1,1,0,0,3,0,0,0,0,0,0
Brian O'Grady,MLB-NL,2019-09-28,Cincinnati,@,Pittsburgh,1,4,4,0,2,2,0,0,0,0,0,0,0,0,0,0,0,0
Ryan O'Hearn,MLB-AL,2019-09-28,Kansas City,,Minnesota,1,1,1,0,0,0,0,0,0,0,0,0,0,0,0,0,0,0
Tyler O'Neill,MLB-NL,2019-09-28,St. Louis,,Chicago,1,1,0,1,0,0,0,0,0,1,0,0,0,0,0,0,0,0
Rougned Odor,MLB-AL,2019-09-28,Texas,,New York,1,5,4,1,2,1,0,1,6,1,0,1,0,0,0,0,1,1
Matt Olson,MLB-AL,2019-09-28,Oakland,@,Seattle,1,4,4,0,0,0,0,0,0,0,0,2,0,0,0,1,0,0
Rafael Ortega,MLB-NL,2019-09-28,Atlanta,@,New York,1,1,1,0,0,0,0,0,0,0,0,1,0,0,0,0,0,0
Jose Osuna,MLB-NL,2019-09-28,Pittsburgh,,Cincinnati,1,5,4,1,1,0,0,0,0,1,0,1,0,0,0,0,0,0
Chris Owings,MLB-AL,2019-09-28,Boston,,Baltimore,1,2,2,0,0,0,0,0,0,0,0,1,0,0,0,0,0,0
Marcell Ozuna,MLB-NL,2019-09-28,St. Louis,,Chicago,1,5,4,0,0,0,0,0,0,1,0,1,0,0,0,0,0,0
Daniel Palka,MLB-AL,2019-09-28,Chicago,,Detroit,1,1,1,0,0,0,0,0,0,0,0,1,0,0,0,0,0,0
Gerardo Parra,MLB-NL,2019-09-28,Washington,,Cleveland,1,4,4,2,2,0,0,1,4,0,0,1,0,0,0,0,0,0
Joc Pederson,MLB-NL,2019-09-28,Los Angeles,@,San Francisco,1,3,3,0,0,0,0,0,0,0,0,0,0,0,0,0,0,0
Jose Peraza,MLB-NL,2019-09-28,Cincinnati,@,Pittsburgh,1,4,3,0,1,1,0,0,0,1,0,0,0,0,0,0,0,0
Michael Perez,MLB-AL,2019-09-28,Tampa Bay,@,Toronto,1,4,2,0,0,0,0,0,0,2,0,2,0,0,0,0,0,0
Tommy Pham,MLB-AL,2019-09-28,Tampa Bay,@,Toronto,1,4,2,0,1,0,0,0,0,2,0,1,0,0,0,0,1,0
Brett Phillips,MLB-AL,2019-09-28,Kansas City,,Minnesota,1,0,0,1,0,0,0,0,0,0,0,0,0,0,0,0,0,0
Kevin Pillar,MLB-NL,2019-09-28,San Francisco,,Los Angeles,1,4,4,0,1,0,0,0,0,0,0,0,0,0,0,0,0,0
Chad Pinder,MLB-AL,2019-09-28,Oakland,@,Seattle,1,3,2,0,1,1,0,0,0,1,0,0,0,0,0,0,0,0
Nick Pivetta,MLB-NL,2019-09-28,Philadelphia,,Miami,1,1,0,0,0,0,0,0,0,1,0,0,0,0,0,0,0,0
Jorge Polanco,MLB-AL,2019-09-28,Minnesota,@,Kansas City,1,4,3,0,0,0,0,0,1,0,0,1,0,0,1,0,0,0
Buster Posey,MLB-NL,2019-09-28,San Francisco,,Los Angeles,1,4,4,0,1,0,0,0,0,0,0,1,0,0,0,0,0,0
Martin Prado,MLB-NL,2019-09-28,Miami,@,Philadelphia,1,1,1,0,0,0,0,0,0,0,0,0,0,0,0,0,0,0
Albert Pujols,MLB-AL,2019-09-28,Los Angeles,,Houston,1,4,4,0,0,0,0,0,0,0,0,0,0,0,0,0,0,0
Harold Ramirez,MLB-NL,2019-09-28,Miami,@,Philadelphia,1,4,4,0,1,0,1,0,0,0,0,2,0,0,0,0,0,0
Rangel Ravelo,MLB-NL,2019-09-28,St. Louis,,Chicago,1,1,0,1,0,0,0,0,0,1,0,0,0,0,0,0,0,0
Robbie Ray,MLB-NL,2019-09-28,Arizona,,San Diego,1,2,2,0,0,0,0,0,0,0,0,1,0,0,0,0,0,0
Josh Reddick,MLB-AL,2019-09-28,Houston,@,Los Angeles,1,4,4,1,1,0,0,1,3,0,0,2,0,0,0,0,0,0
Anthony Rendon,MLB-NL,2019-09-28,Washington,,Cleveland,1,5,4,1,1,1,0,0,2,1,0,0,0,0,0,0,0,0
Hunter Renfroe,MLB-NL,2019-09-28,San Diego,@,Arizona,1,4,4,0,0,0,0,0,0,0,0,2,0,0,0,0,0,0
Franmil Reyes,MLB-AL,2019-09-28,Cleveland,@,Washington,1,3,3,2,2,1,0,1,2,0,0,0,0,0,0,0,0,0
Pablo Reyes,MLB-NL,2019-09-28,Pittsburgh,,Cincinnati,1,5,4,0,0,0,0,0,0,1,0,2,0,0,0,0,0,0
Victor Reyes,MLB-AL,2019-09-28,Detroit,@,Chicago,2,9,9,0,4,1,0,0,0,0,0,1,0,0,0,0,0,1
Garrett Richards,MLB-NL,2019-09-28,San Diego,@,Arizona,1,2,1,0,0,0,0,0,0,0,0,0,0,1,0,0,0,0
Joey Rickard,MLB-NL,2019-09-28,San Francisco,,Los Angeles,1,3,3,0,1,0,0,0,0,0,0,2,0,0,0,0,0,0
Edwin Rios,MLB-NL,2019-09-28,Los Angeles,@,San Francisco,1,1,1,0,0,0,0,0,0,0,0,1,0,0,0,0,0,0
Rene Rivera,MLB-NL,2019-09-28,New York,,Atlanta,1,3,3,1,1,0,0,1,2,0,0,0,0,0,0,0,0,0
Daniel Robertson,MLB-AL,2019-09-28,Tampa Bay,@,Toronto,1,1,1,0,0,0,0,0,0,0,0,1,0,0,0,0,0,0
Ronny Rodriguez,MLB-AL,2019-09-28,Detroit,@,Chicago,1,4,4,1,1,0,0,0,0,0,0,1,0,0,0,0,0,0
Sean Rodriguez,MLB-NL,2019-09-28,Philadelphia,,Miami,1,4,2,2,1,0,0,0,0,2,0,1,0,0,0,0,0,0
Jake Rogers,MLB-AL,2019-09-28,Detroit,@,Chicago,1,3,3,0,0,0,0,0,0,0,0,2,0,0,0,0,0,0
Josh Rojas,MLB-NL,2019-09-28,Arizona,,San Diego,1,4,3,1,0,0,0,0,0,1,0,1,0,0,0,0,0,0
Miguel Rojas,MLB-NL,2019-09-28,Miami,@,Philadelphia,1,4,4,1,1,0,0,0,0,0,0,0,0,0,0,0,0,0
Austin Romine,MLB-AL,2019-09-28,New York,@,Texas,1,2,2,0,1,0,0,0,0,0,0,0,0,0,0,1,0,0
Amed Rosario,MLB-NL,2019-09-28,New York,,Atlanta,1,3,3,0,1,0,0,0,0,0,0,0,0,0,0,0,0,1
Eddie Rosario,MLB-AL,2019-09-28,Minnesota,@,Kansas City,1,4,4,0,0,0,0,0,0,0,0,1,0,0,0,0,0,0
Rio Ruiz,MLB-AL,2019-09-28,Baltimore,@,Boston,1,5,5,0,1,0,0,0,0,0,0,0,0,0,0,0,0,0
Addison Russell,MLB-NL,2019-09-28,Chicago,@,St. Louis,1,5,5,1,4,0,0,0,0,0,0,0,0,0,0,0,0,0
Hyun-Jin Ryu,MLB-NL,2019-09-28,Los Angeles,@,San Francisco,1,2,2,0,1,0,0,0,1,0,0,1,0,0,0,0,0,0
Yolmer Sanchez,MLB-AL,2019-09-28,Chicago,,Detroit,2,8,8,2,2,1,0,0,1,0,0,1,0,0,0,0,0,0
Danny Santana,MLB-AL,2019-09-28,Texas,,New York,1,5,3,1,0,0,0,0,0,2,0,2,0,0,0,0,2,0
Domingo Santana,MLB-AL,2019-09-28,Seattle,,Oakland,1,2,1,0,0,0,0,0,0,1,0,0,0,0,0,0,0,0
Jonathan Schoop,MLB-AL,2019-09-28,Minnesota,@,Kansas City,1,4,4,0,2,0,0,0,0,0,0,1,0,0,0,0,0,0
Kyle Schwarber,MLB-NL,2019-09-28,Chicago,@,St. Louis,1,5,5,2,2,0,0,1,1,0,0,2,0,0,0,0,0,0
Corey Seager,MLB-NL,2019-09-28,Los Angeles,@,San Francisco,1,4,4,0,0,0,0,0,0,0,0,2,0,0,0,0,0,0
Kyle Seager,MLB-AL,2019-09-28,Seattle,,Oakland,1,4,4,0,1,0,0,0,0,0,0,0,0,0,0,0,0,0
Marcus Semien,MLB-AL,2019-09-28,Oakland,@,Seattle,1,4,3,0,0,0,0,0,0,1,0,0,0,0,0,0,0,0
Travis Shaw,MLB-NL,2019-09-28,Milwaukee,@,Colorado,1,1,1,0,0,0,0,0,0,0,0,1,0,0,0,0,0,0
Andrelton Simmons,MLB-AL,2019-09-28,Los Angeles,,Houston,1,4,4,1,2,0,0,1,2,0,0,0,0,0,0,0,0,0
Austin Slater,MLB-NL,2019-09-28,San Francisco,,Los Angeles,1,3,3,0,0,0,0,0,0,0,0,0,0,0,0,0,0,0
Caleb Smith,MLB-NL,2019-09-28,Miami,@,Philadelphia,1,1,1,0,0,0,0,0,0,0,0,0,0,0,0,1,0,0
Kevan Smith,MLB-AL,2019-09-28,Los Angeles,,Houston,1,4,4,0,1,0,0,0,0,0,0,1,0,0,0,0,0,0
Mallex Smith,MLB-AL,2019-09-28,Seattle,,Oakland,1,3,3,0,1,0,0,0,0,0,0,0,0,0,0,0,1,0
Justin Smoak,MLB-AL,2019-09-28,Toronto,,Tampa Bay,1,4,3,0,1,0,0,0,0,0,0,1,1,0,0,1,0,0
Donovan Solano,MLB-NL,2019-09-28,San Francisco,,Los Angeles,1,3,3,0,0,0,0,0,0,0,0,2,0,0,0,0,0,0
Jorge Soler,MLB-AL,2019-09-28,Kansas City,,Minnesota,1,4,3,2,2,0,0,2,3,1,0,1,0,0,0,0,0,0
Juan Soto,MLB-NL,2019-09-28,Washington,,Cleveland,1,5,4,2,1,1,0,0,0,1,1,1,0,0,0,0,0,0
Cory Spangenberg,MLB-NL,2019-09-28,Milwaukee,@,Colorado,1,1,1,0,0,0,0,0,0,0,0,0,0,0,0,0,0,0
George Springer,MLB-AL,2019-09-28,Houston,@,Los Angeles,1,3,2,0,0,0,0,0,0,1,0,0,0,0,0,0,0,0
Jacob Stallings,MLB-NL,2019-09-28,Pittsburgh,,Cincinnati,1,4,4,0,0,0,0,0,0,0,0,1,0,0,0,0,0,0
Giancarlo Stanton,MLB-AL,2019-09-28,New York,@,Texas,1,3,3,0,1,0,0,0,0,0,0,0,0,0,0,0,0,0
Andrew Stevenson,MLB-NL,2019-09-28,Washington,,Cleveland,1,1,1,0,1,0,0,0,0,0,0,0,0,0,0,0,0,1
Christin Stewart,MLB-AL,2019-09-28,Detroit,@,Chicago,2,8,7,0,0,0,0,0,0,1,0,3,0,0,0,0,0,0
DJ Stewart,MLB-AL,2019-09-28,Baltimore,@,Boston,1,5,4,1,1,0,0,1,2,1,0,0,0,0,0,0,0,1
Trevor Story,MLB-NL,2019-09-28,Colorado,,Milwaukee,1,5,5,1,2,1,0,1,1,0,0,3,0,0,0,0,0,0
Myles Straw,MLB-AL,2019-09-28,Houston,@,Los Angeles,1,0,0,0,0,0,0,0,0,0,0,0,0,0,0,0,0,0
Eugenio Suarez,MLB-NL,2019-09-28,Cincinnati,@,Pittsburgh,1,6,4,0,2,1,0,0,0,2,0,1,0,0,0,0,0,0
Dansby Swanson,MLB-NL,2019-09-28,Atlanta,@,New York,1,5,5,0,0,0,0,0,0,0,0,4,0,0,0,0,0,0
Raimel Tapia,MLB-NL,2019-09-28,Colorado,,Milwaukee,1,1,1,0,0,0,0,0,0,0,0,0,0,0,0,0,0,0
Chris Taylor,MLB-NL,2019-09-28,Los Angeles,@,San Francisco,1,4,4,0,1,0,0,0,0,0,0,1,0,0,0,1,0,0
Michael A. Taylor,MLB-NL,2019-09-28,Washington,,Cleveland,1,0,0,0,0,0,0,0,0,0,0,0,0,0,0,0,0,0
Tyrone Taylor,MLB-NL,2019-09-28,Milwaukee,@,Colorado,1,0,0,0,0,0,0,0,0,0,0,0,0,0,0,0,0,0
Rowdy Tellez,MLB-AL,2019-09-28,Toronto,,Tampa Bay,1,4,4,0,2,1,0,0,1,0,0,1,0,0,0,0,0,0
Eric Thames,MLB-NL,2019-09-28,Milwaukee,@,Colorado,1,4,4,1,1,0,0,1,1,0,0,0,0,0,0,0,0,0
Ronald Torreyes,MLB-AL,2019-09-28,Minnesota,@,Kansas City,1,1,1,0,0,0,0,0,0,0,0,0,0,0,0,0,0,0
Sam Travis,MLB-AL,2019-09-28,Boston,,Baltimore,1,4,3,1,0,0,0,0,0,1,0,0,0,0,0,0,0,0
Jose Trevino,MLB-AL,2019-09-28,Texas,,New York,1,5,5,0,1,1,0,0,1,0,0,1,0,0,0,0,0,0
Kyle Tucker,MLB-AL,2019-09-28,Houston,@,Los Angeles,1,2,1,2,0,0,0,0,0,1,0,0,0,0,0,0,0,0
Trea Turner,MLB-NL,2019-09-28,Washington,,Cleveland,1,5,5,0,1,1,0,0,0,0,0,2,0,0,0,0,0,0
Richard Urena,MLB-AL,2019-09-28,Toronto,,Tampa Bay,1,4,4,0,1,1,0,0,1,0,0,1,0,0,0,0,0,0
Luis Urias,MLB-NL,2019-09-28,San Diego,@,Arizona,1,4,4,1,3,0,0,1,2,0,0,0,0,0,0,0,0,0
Gio Urshela,MLB-AL,2019-09-28,New York,@,Texas,1,4,4,0,1,0,0,0,0,0,0,1,0,0,0,0,0,0
Pat Valaika,MLB-NL,2019-09-28,Colorado,,Milwaukee,1,1,1,0,0,0,0,0,0,0,0,1,0,0,0,0,0,0
Josh VanMeter,MLB-NL,2019-09-28,Cincinnati,@,Pittsburgh,1,2,2,0,0,0,0,0,0,0,0,0,0,0,0,0,0,0
Andrew Velazquez,MLB-AL,2019-09-28,Cleveland,@,Washington,1,4,4,0,1,1,0,0,0,0,0,2,0,0,0,0,0,0
Jonathan Villar,MLB-AL,2019-09-28,Baltimore,@,Boston,1,5,4,2,2,1,0,0,1,1,0,1,0,0,0,0,1,0
Stephen Vogt,MLB-NL,2019-09-28,San Francisco,,Los Angeles,1,1,1,0,0,0,0,0,0,0,0,1,0,0,0,0,0,0
Luke Voit,MLB-AL,2019-09-28,New York,@,Texas,1,4,3,1,0,0,0,0,0,0,0,1,1,0,0,0,0,0
Joey Votto,MLB-NL,2019-09-28,Cincinnati,@,Pittsburgh,1,6,5,0,0,0,0,0,0,1,0,1,0,0,0,1,0,0
LaMonte Wade Jr,MLB-AL,2019-09-28,Minnesota,@,Kansas City,1,4,4,0,0,0,0,0,0,0,0,1,0,0,0,0,0,0
Tyler Wade,MLB-AL,2019-09-28,New York,@,Texas,1,2,2,1,1,0,0,0,0,0,0,0,0,0,0,0,0,0
Adam Wainwright,MLB-NL,2019-09-28,St. Louis,,Chicago,1,1,1,0,0,0,0,0,0,0,0,1,0,0,0,0,0,0
Christian Walker,MLB-NL,2019-09-28,Arizona,,San Diego,1,4,3,2,2,0,0,2,5,1,0,0,0,0,0,0,0,0
Neil Walker,MLB-NL,2019-09-28,Miami,@,Philadelphia,1,4,4,1,1,0,0,1,2,0,0,1,0,0,0,0,0,0
Jared Walsh,MLB-AL,2019-09-28,Los Angeles,,Houston,1,4,3,0,0,0,0,0,0,0,0,2,1,0,0,0,0,0
Taylor Ward,MLB-AL,2019-09-28,Los Angeles,,Houston,1,3,2,0,0,0,0,0,0,1,0,2,0,0,0,0,0,0
Logan Webb,MLB-NL,2019-09-28,San Francisco,,Los Angeles,1,2,2,0,1,0,0,0,0,0,0,1,0,0,0,0,0,0
Joey Wendle,MLB-AL,2019-09-28,Tampa Bay,@,Toronto,1,3,3,0,0,0,0,0,0,0,0,1,0,0,0,0,0,0
Stevie Wilkerson,MLB-AL,2019-09-28,Baltimore,@,Boston,1,4,3,0,1,0,0,0,0,0,0,0,0,1,0,0,1,0
Tony Wolters,MLB-NL,2019-09-28,Colorado,,Milwaukee,1,0,0,0,0,0,0,0,0,0,0,0,0,0,0,0,0,0
Austin Wynns,MLB-AL,2019-09-28,Baltimore,@,Boston,1,4,4,1,1,0,0,0,1,0,0,3,0,0,0,0,0,0
Mike Yastrzemski,MLB-NL,2019-09-28,San Francisco,,Los Angeles,1,1,1,0,0,0,0,0,0,0,0,0,0,0,0,0,0,0
Bradley Zimmer,MLB-AL,2019-09-28,Cleveland,@,Washington,1,5,5,0,0,0,0,0,0,0,0,3,0,0,0,0,0,0
Ryan Zimmerman,MLB-NL,2019-09-28,Washington,,Cleveland,1,4,4,1,2,0,0,0,1,0,0,1,0,0,0,0,0,0
