,0,1,2,3,4,5,6,7,8,9
0,"1. Mon,4/3 vs TOR W (3-2)",Smith-RF,Jones-CF,Machado-3B,Davis-1B,Trumbo-DH,Castillo-C,Kim-LF,Schoop-2B,Hardy-SS
1,"2. Wed,4/5 vs TOR W (3-1)#",Rickard-LF,Jones-CF,Machado-3B,Trumbo-DH,Davis-1B,Mancini-RF,Castillo-C,Schoop-2B,Hardy-SS
2,"3. Fri,4/7 vs NYY W (6-5)",Smith-RF,Jones-CF,Machado-3B,Davis-1B,Trumbo-DH,Castillo-C,Kim-LF,Schoop-2B,Hardy-SS
3,"4. Sat,4/8 vs NYY W (5-4)",Smith-RF,Jones-CF,Machado-3B,Davis-1B,Trumbo-DH,Castillo-C,Kim-LF,Schoop-2B,Hardy-SS
4,"5. Sun,4/9 vs NYY L (3-7)#",Gentry-LF,Jones-CF,Machado-3B,Trumbo-RF,Davis-1B,Mancini-DH,Schoop-2B,Hardy-SS,Joseph-C
5,"6. Tue,4/11 at BOS L (1-8)#",Gentry-RF,Jones-CF,Machado-3B,Trumbo-DH,Davis-1B,Castillo-C,Mancini-LF,Schoop-2B,Hardy-SS
6,"7. Wed,4/12 at BOS W (12-5)",Smith-RF,Jones-CF,Machado-3B,Davis-1B,Trumbo-DH,Castillo-C,Mancini-LF,Schoop-2B,Hardy-SS
7,"8. Thu,4/13 at TOR W (2-1)#",Gentry-LF,Jones-CF,Machado-3B,Trumbo-RF,Davis-1B,Castillo-C,Mancini-DH,Schoop-2B,Hardy-SS
8,"9. Fri,4/14 at TOR W (6-4)",Smith-RF,Jones-CF,Machado-3B,Davis-1B,Trumbo-DH,Schoop-2B,Kim-LF,Hardy-SS,Joseph-C
9,"10. Sat,4/15 at TOR L (1-2)",Smith-RF,Jones-CF,Machado-3B,Davis-1B,Trumbo-DH,Castillo-C,Kim-LF,Schoop-2B,Flaherty-SS
10,"11. Sun,4/16 at TOR W (11-4)#",Gentry-LF,Jones-CF,Machado-3B,Trumbo-RF,Davis-DH,Castillo-C,Mancini-1B,Schoop-2B,Hardy-SS
11,"12. Tue,4/18 at CIN L (3-9)",Smith-LF,Jones-CF,Machado-3B,Davis-1B,Trumbo-RF,Castillo-C,Schoop-2B,Hardy-SS,Gausman-P
12,"13. Wed,4/19 at CIN W (2-0)#",Mancini-LF,Jones-CF,Machado-3B,Trumbo-RF,Davis-1B,Castillo-C,Schoop-2B,Hardy-SS,Jimenez-P
13,"14. Thu,4/20 at CIN W (2-1)",Kim-LF,Jones-CF,Machado-3B,Davis-1B,Trumbo-RF,Schoop-2B,Hardy-SS,Joseph-C,Miley-P
14,"15. Fri,4/21 vs BOS W (2-0)#",Gentry-LF,Jones-CF,Machado-3B,Trumbo-RF,Davis-1B,Castillo-C,Mancini-DH,Schoop-2B,Hardy-SS
15,"16. Sat,4/22 vs BOS W (4-2)",Gentry-LF,Jones-CF,Machado-3B,Trumbo-RF,Davis-1B,Mancini-DH,Schoop-2B,Hardy-SS,Joseph-C
16,"17. Sun,4/23 vs BOS L (2-6)#",Gentry-LF,Jones-CF,Machado-3B,Trumbo-RF,Davis-1B,Mancini-DH,Castillo-C,Schoop-2B,Hardy-SS
17,"18. Mon,4/24 vs TBR W (6-3)",Smith-RF,Jones-CF,Machado-3B,Davis-1B,Trumbo-DH,Castillo-C,Kim-LF,Schoop-2B,Hardy-SS
18,"19. Tue,4/25 vs TBR L (0-2)",Smith-RF,Jones-CF,Machado-3B,Davis-1B,Trumbo-DH,Kim-LF,Schoop-2B,Hardy-SS,Joseph-C
19,"20. Wed,4/26 vs TBR W (5-4)",Smith-RF,Jones-CF,Machado-3B,Davis-1B,Trumbo-DH,Castillo-C,Kim-LF,Schoop-2B,Flaherty-SS
20,"21. Fri,4/28 at NYY L (11-14)#",Rickard-LF,Jones-CF,Machado-3B,Trumbo-DH,Davis-1B,Castillo-C,Mancini-RF,Schoop-2B,Hardy-SS
21,"22. Sat,4/29 at NYY L (4-12)",Smith-RF,Jones-CF,Machado-3B,Davis-1B,Trumbo-DH,Hardy-SS,Kim-LF,Schoop-2B,Joseph-C
22,"23. Sun,4/30 at NYY W (7-4)#",Rickard-LF,Jones-CF,Machado-3B,Trumbo-DH,Castillo-C,Mancini-1B,Schoop-2B,Gentry-RF,Hardy-SS
23,"24. Mon,5/1 at BOS W (5-2)",Smith-RF,Jones-CF,Machado-3B,Trumbo-DH,Davis-1B,Schoop-2B,Hardy-SS,Flaherty-LF,Joseph-C
24,"25. Tue,5/2 at BOS L (2-5)#",Rickard-RF,Jones-CF,Machado-3B,Trumbo-DH,Davis-1B,Schoop-2B,Mancini-LF,Hardy-SS,Joseph-C
25,"26. Wed,5/3 at BOS L (2-4)#",Rickard-RF,Jones-CF,Machado-3B,Trumbo-DH,Davis-1B,Schoop-2B,Mancini-LF,Hardy-SS,Joseph-C
26,"27. Thu,5/4 at BOS W (8-3)",Smith-RF,Jones-CF,Machado-3B,Davis-1B,Trumbo-DH,Schoop-2B,Kim-LF,Hardy-SS,Joseph-C
27,"28. Fri,5/5 vs CHW W (4-2)",Smith-RF,Jones-CF,Machado-3B,Davis-1B,Trumbo-DH,Schoop-2B,Kim-LF,Hardy-SS,Joseph-C
28,"29. Sat,5/6 vs CHW W (6-5)",Smith-RF,Jones-CF,Machado-3B,Davis-1B,Trumbo-DH,Mancini-LF,Flaherty-2B,Hardy-SS,Joseph-C
29,"30. Sun,5/7 vs CHW W (4-0)#",Rickard-LF,Jones-CF,Machado-3B,Trumbo-RF,Davis-1B,Mancini-DH,Hardy-SS,Pena-C,Flaherty-2B
30,"31. Mon,5/8 vs WSN W (6-4)#",Rickard-LF,Jones-CF,Machado-3B,Trumbo-RF,Davis-1B,Mancini-DH,Schoop-2B,Hardy-SS,Joseph-C
31,"32. Tue,5/9 vs WSN W (5-4)",Smith-RF,Jones-CF,Machado-3B,Davis-1B,Trumbo-DH,Mancini-LF,Schoop-2B,Hardy-SS,Joseph-C
32,"33. Wed,5/10 at WSN L (6-7)",Smith-LF,Jones-CF,Machado-3B,Davis-1B,Trumbo-RF,Schoop-2B,Hardy-SS,Joseph-C,Miley-P
33,"34. Fri,5/12 at KCR L (2-3)#",Rickard-LF,Jones-CF,Machado-3B,Trumbo-DH,Schoop-2B,Mancini-1B,Hardy-SS,Joseph-C,Gentry-RF
34,"35. Sat,5/13 at KCR L (3-4)",Smith-RF,Jones-CF,Machado-3B,Davis-1B,Trumbo-DH,Schoop-2B,Mancini-LF,Hardy-SS,Pena-C
35,"36. Sun,5/14 at KCR L (8-9)",Smith-RF,Schoop-2B,Machado-3B,Davis-1B,Trumbo-DH,Kim-LF,Rickard-CF,Flaherty-SS,Joseph-C
36,"37. Tue,5/16 at DET W (13-11)#",Rickard-RF,Jones-CF,Machado-3B,Trumbo-DH,Davis-1B,Schoop-2B,Castillo-C,Mancini-LF,Hardy-SS
37,"38. Wed,5/17 at DET L (4-5)",Smith-RF,Jones-CF,Machado-3B,Davis-1B,Trumbo-DH,Schoop-2B,Castillo-C,Mancini-LF,Hardy-SS
38,"39. Thu,5/18 at DET L (5-6)",Smith-RF,Mancini-LF,Jones-CF,Davis-1B,Trumbo-DH,Schoop-2B,Flaherty-3B,Joseph-C,Hardy-SS
39,"40. Fri,5/19 vs TOR W (5-3)",Schoop-2B,Jones-CF,Machado-3B,Davis-1B,Trumbo-RF,Castillo-C,Mancini-DH,Kim-LF,Hardy-SS
40,"41. Sat,5/20 vs TOR W (7-5)",Smith-RF,Jones-CF,Machado-3B,Davis-1B,Trumbo-DH,Castillo-C,Kim-LF,Schoop-2B,Hardy-SS
41,"42. Sun,5/21 vs TOR L (1-3)",Schoop-2B,Jones-CF,Machado-3B,Davis-1B,Trumbo-RF,Castillo-DH,Mancini-LF,Joseph-C,Janish-SS
42,"43. Mon,5/22 vs MIN L (7-14)",Smith-RF,Jones-CF,Machado-3B,Trumbo-DH,Davis-1B,Castillo-C,Mancini-LF,Schoop-2B,Hardy-SS
43,"44. Tue,5/23 vs MIN L (0-2)",Smith-RF,Jones-CF,Machado-3B,Trumbo-DH,Davis-1B,Castillo-C,Mancini-LF,Schoop-2B,Hardy-SS
44,"45. Wed,5/24 vs MIN L (3-4)",Smith-RF,Jones-CF,Machado-3B,Trumbo-DH,Davis-1B,Mancini-LF,Schoop-2B,Hardy-SS,Joseph-C
45,"46. Fri,5/26 at HOU L (0-2)",Smith-RF,Jones-CF,Machado-3B,Davis-1B,Trumbo-DH,Castillo-C,Kim-LF,Schoop-2B,Hardy-SS
46,"47. Sat,5/27 at HOU L (2-5)#",Rickard-CF,Castillo-DH,Machado-3B,Trumbo-RF,Davis-1B,Mancini-LF,Schoop-2B,Hardy-SS,Joseph-C
47,"48. Sun,5/28 at HOU L (4-8)",Smith-RF,Schoop-2B,Machado-3B,Trumbo-DH,Davis-1B,Castillo-C,Kim-LF,Rickard-CF,Janish-SS
48,"49. Mon,5/29 vs NYY W (3-2)#",Rickard-CF,Davis-1B,Machado-3B,Trumbo-RF,Castillo-DH,Mancini-LF,Schoop-2B,Hardy-SS,Joseph-C
49,"50. Tue,5/30 vs NYY L (3-8)",Smith-RF,Schoop-2B,Machado-3B,Trumbo-DH,Davis-1B,Castillo-C,Mancini-LF,Rickard-CF,Hardy-SS
50,"51. Wed,5/31 vs NYY W (10-4)",Smith-RF,Jones-CF,Machado-3B,Trumbo-DH,Davis-1B,Mancini-LF,Schoop-2B,Joseph-C,Hardy-SS
51,"52. Thu,6/1 vs BOS W (7-5)#",Rickard-LF,Jones-CF,Machado-3B,Trumbo-RF,Davis-1B,Mancini-DH,Schoop-2B,Hardy-SS,Joseph-C
52,"53. Fri,6/2 vs BOS W (3-2)",Smith-RF,Jones-CF,Machado-3B,Trumbo-DH,Davis-1B,Schoop-2B,Kim-LF,Hardy-SS,Joseph-C
53,"54. Sat,6/3 vs BOS L (2-5)#",Rickard-LF,Jones-CF,Machado-3B,Trumbo-RF,Davis-DH,Mancini-1B,Schoop-2B,Hardy-SS,Joseph-C
54,"55. Sun,6/4 vs BOS L (3-7)#",Rickard-RF,Jones-CF,Machado-3B,Trumbo-DH,Davis-1B,Mancini-LF,Schoop-2B,Pena-C,Hardy-SS
55,"56. Tue,6/6 vs PIT W (6-5)",Smith-RF,Jones-CF,Machado-3B,Trumbo-DH,Davis-1B,Schoop-2B,Mancini-LF,Hardy-SS,Joseph-C
56,"57. Wed,6/7 vs PIT W (9-6)",Smith-RF,Jones-CF,Machado-3B,Davis-1B,Trumbo-DH,Schoop-2B,Kim-LF,Hardy-SS,Joseph-C
57,"58. Thu,6/8 at WSN L (1-6)",Smith-RF,Schoop-2B,Trumbo-1B,Davis-3B,Mancini-LF,Rickard-CF,Joseph-C,Hardy-SS,Asher-P
58,"59. Fri,6/9 at NYY L (2-8)#",Rickard-LF,Mancini-DH,Jones-CF,Trumbo-RF,Davis-1B,Schoop-2B,Hardy-SS,Joseph-C,Tejada-3B
59,"60. Sat,6/10 at NYY L (3-16)",Smith-RF,Schoop-2B,Jones-CF,Trumbo-DH,Davis-1B,Mancini-LF,Castillo-C,Hardy-SS,Tejada-3B
60,"61. Sun,6/11 at NYY L (3-14)",Smith-RF,Schoop-2B,Jones-CF,Trumbo-DH,Davis-1B,Mancini-LF,Castillo-C,Hardy-SS,Tejada-3B
61,"62. Mon,6/12 at CHW L (7-10)",Smith-RF,Jones-CF,Machado-3B,Trumbo-DH,Davis-1B,Schoop-2B,Mancini-LF,Castillo-C,Hardy-SS
62,"63. Tue,6/13 at CHW L (1-6)#",Rickard-LF,Jones-CF,Machado-3B,Trumbo-RF,Mancini-1B,Schoop-2B,Castillo-DH,Hardy-SS,Joseph-C
63,"64. Wed,6/14 at CHW W (10-6)",Kim-LF,Jones-CF,Machado-3B,Trumbo-RF,Mancini-1B,Schoop-2B,Castillo-C,Washington-DH,Hardy-SS
64,"65. Thu,6/15 at CHW L (2-5)#",Rickard-LF,Jones-CF,Machado-3B,Trumbo-RF,Mancini-1B,Schoop-2B,Castillo-DH,Tejada-SS,Joseph-C
65,"66. Fri,6/16 vs STL L (2-11)",Smith-RF,Machado-3B,Jones-CF,Trumbo-DH,Mancini-1B,Schoop-2B,Castillo-C,Kim-LF,Hardy-SS
66,"67. Sat,6/17 vs STL W (15-7)",Smith-RF,Machado-3B,Jones-CF,Trumbo-DH,Mancini-1B,Schoop-2B,Castillo-C,Kim-LF,Hardy-SS
67,"68. Sun,6/18 vs STL W (8-5)",Smith-RF,Machado-3B,Jones-CF,Trumbo-DH,Mancini-1B,Schoop-2B,Castillo-C,Kim-LF,Hardy-SS
68,"69. Mon,6/19 vs CLE L (0-12)",Smith-RF,Machado-3B,Jones-CF,Trumbo-DH,Mancini-1B,Schoop-2B,Castillo-C,Kim-LF,Tejada-SS
69,"70. Tue,6/20 vs CLE W (6-5)",Smith-RF,Machado-3B,Jones-CF,Trumbo-DH,Mancini-1B,Schoop-2B,Castillo-C,Kim-LF,Tejada-SS
70,"71. Wed,6/21 vs CLE L (1-5)",Smith-RF,Machado-3B,Jones-CF,Trumbo-DH,Mancini-1B,Schoop-2B,Kim-LF,Joseph-C,Janish-SS
71,"72. Thu,6/22 vs CLE L (3-6)",Smith-RF,Machado-3B,Schoop-2B,Trumbo-DH,Mancini-1B,Castillo-C,Kim-LF,Tejada-SS,Gentry-CF
72,"73. Fri,6/23 at TBR L (5-15)",Smith-DH,Machado-3B,Jones-CF,Trumbo-RF,Schoop-2B,Mancini-1B,Castillo-C,Kim-LF,Tejada-SS
73,"74. Sat,6/24 at TBR W (8-3)",Smith-RF,Machado-3B,Schoop-2B,Jones-CF,Trumbo-DH,Mancini-1B,Castillo-C,Rickard-LF,Janish-SS
74,"75. Sun,6/25 at TBR W (8-5)",Rickard-LF,Machado-3B,Schoop-2B,Jones-CF,Trumbo-DH,Mancini-1B,Joseph-C,Gentry-RF,Janish-SS
75,"76. Tue,6/27 at TOR W (3-1)",Smith-RF,Machado-3B,Schoop-2B,Jones-CF,Trumbo-DH,Mancini-1B,Castillo-C,Kim-LF,Janish-SS
76,"77. Wed,6/28 at TOR L (0-4)",Smith-RF,Machado-3B,Schoop-2B,Jones-CF,Trumbo-DH,Mancini-1B,Kim-LF,Joseph-C,Janish-SS
77,"78. Thu,6/29 at TOR W (2-0)#",Rickard-LF,Machado-3B,Schoop-2B,Jones-CF,Trumbo-DH,Mancini-1B,Joseph-C,Gentry-RF,Tejada-SS
78,"79. Fri,6/30 vs TBR L (4-6)",Smith-RF,Machado-3B,Schoop-2B,Jones-CF,Trumbo-DH,Mancini-1B,Castillo-C,Tejada-SS,Rickard-LF
79,"80. Sat,7/1 vs TBR L (3-10)",Rickard-LF,Machado-3B,Schoop-2B,Jones-CF,Trumbo-DH,Mancini-1B,Castillo-C,Gentry-RF,Tejada-SS
80,"81. Sun,7/2 vs TBR W (7-1)",Smith-RF,Machado-3B,Schoop-2B,Jones-CF,Trumbo-DH,Mancini-1B,Joseph-C,Tejada-SS,Rickard-LF
81,"82. Mon,7/3 at MIL L (1-8)#",Rickard-LF,Machado-3B,Schoop-2B,Jones-CF,Trumbo-RF,Mancini-1B,Castillo-C,Tejada-SS,Miley-P
82,"83. Tue,7/4 at MIL L (2-6)",Smith-LF,Machado-3B,Schoop-2B,Jones-CF,Trumbo-RF,Mancini-1B,Joseph-C,Janish-SS,Jimenez-P
83,"84. Wed,7/5 at MIL L (0-4)",Smith-LF,Machado-3B,Schoop-2B,Jones-CF,Trumbo-RF,Mancini-1B,Castillo-C,Tejada-SS,Aquino-P
84,"85. Thu,7/6 at MIN L (4-6)",Smith-RF,Machado-3B,Schoop-2B,Jones-CF,Trumbo-DH,Mancini-1B,Castillo-C,Kim-LF,Janish-SS
85,"86. Fri,7/7 at MIN L (6-9)",Smith-RF,Machado-3B,Schoop-2B,Jones-CF,Trumbo-DH,Mancini-1B,Kim-LF,Joseph-C,Tejada-SS
86,"87. Sat,7/8 at MIN W (5-1)#",Rickard-LF,Machado-3B,Schoop-SS,Jones-CF,Trumbo-DH,Mancini-1B,Castillo-C,Giavotella-2B,Gentry-RF
87,"88. Sun,7/9 at MIN W (11-5)",Smith-RF,Machado-3B,Schoop-2B,Jones-CF,Trumbo-DH,Mancini-1B,Kim-LF,Joseph-C,Tejada-SS
88,"89. Fri,7/14 vs CHC L (8-9)#",Jones-CF,Machado-3B,Schoop-2B,Trumbo-DH,Davis-1B,Mancini-LF,Castillo-C,Rickard-RF,Tejada-SS
89,"90. Sat,7/15 vs CHC L (3-10)",Jones-CF,Machado-3B,Schoop-2B,Davis-1B,Trumbo-DH,Mancini-LF,Smith-RF,Joseph-C,Tejada-SS
90,"91. Sun,7/16 vs CHC L (0-8)#",Jones-CF,Machado-3B,Schoop-SS,Trumbo-DH,Davis-1B,Mancini-LF,Castillo-C,Giavotella-2B,Rickard-RF
91,"92. Mon,7/17 vs TEX W (3-1)",Jones-CF,Machado-3B,Schoop-2B,Trumbo-DH,Davis-1B,Mancini-LF,Smith-RF,Castillo-C,Tejada-SS
92,"93. Tue,7/18 vs TEX W (12-1)",Jones-CF,Machado-3B,Schoop-2B,Davis-1B,Trumbo-DH,Mancini-LF,Smith-RF,Castillo-C,Tejada-SS
93,"94. Wed,7/19 vs TEX W (10-2)#",Jones-CF,Machado-3B,Schoop-2B,Trumbo-DH,Davis-1B,Mancini-LF,Joseph-C,Rickard-RF,Tejada-SS
94,"95. Thu,7/20 vs TEX W (9-7)#",Jones-CF,Machado-3B,Schoop-2B,Trumbo-DH,Davis-1B,Mancini-LF,Castillo-C,Tejada-SS,Rickard-RF
95,"96. Fri,7/21 vs HOU L (7-8)",Jones-CF,Machado-3B,Schoop-2B,Davis-1B,Trumbo-DH,Mancini-LF,Joseph-C,Tejada-SS,Rickard-RF
96,"97. Sat,7/22 vs HOU L (4-8)",Jones-CF,Machado-3B,Schoop-2B,Davis-1B,Trumbo-DH,Mancini-LF,Smith-RF,Castillo-C,Tejada-SS
97,"98. Sun,7/23 vs HOU W (9-7)",Jones-CF,Machado-3B,Schoop-2B,Trumbo-RF,Davis-1B,Mancini-LF,Joseph-C,Kim-DH,Tejada-SS
98,"99. Mon,7/24 at TBR W (5-0)#",Jones-CF,Machado-3B,Schoop-2B,Trumbo-1B,Mancini-LF,Castillo-DH,Joseph-C,Tejada-SS,Rickard-RF
99,"100. Tue,7/25 at TBR L (4-5)",Jones-CF,Machado-3B,Schoop-2B,Trumbo-DH,Mancini-1B,Smith-LF,Castillo-C,Tejada-SS,Rickard-RF
100,"101. Wed,7/26 at TBR L (1-5)",Jones-CF,Machado-3B,Schoop-2B,Davis-1B,Trumbo-DH,Mancini-LF,Smith-RF,Joseph-C,Tejada-SS
101,"102. Fri,7/28 at TEX L (2-8)",Jones-CF,Machado-3B,Schoop-2B,Davis-1B,Trumbo-DH,Mancini-LF,Smith-RF,Castillo-C,Tejada-SS
102,"103. Sat,7/29 at TEX W (4-0)",Jones-CF,Machado-3B,Schoop-2B,Davis-1B,Trumbo-DH,Mancini-LF,Smith-RF,Joseph-C,Tejada-SS
103,"104. Sun,7/30 at TEX W (10-6)#",Jones-CF,Machado-3B,Schoop-2B,Mancini-DH,Davis-1B,Castillo-C,Rickard-LF,Tejada-SS,Gentry-RF
104,"105. Mon,7/31 vs KCR W (2-1)#",Jones-CF,Machado-3B,Schoop-2B,Mancini-DH,Davis-1B,Joseph-C,Rickard-RF,Tejada-SS,Gentry-LF
105,"106. Tue,8/1 vs KCR W (7-2)",Jones-CF,Machado-3B,Schoop-2B,Davis-1B,Mancini-LF,Beckham-SS,Smith-DH,Castillo-C,Rickard-RF
106,"107. Wed,8/2 vs KCR W (6-0)#",Jones-CF,Machado-3B,Schoop-2B,Mancini-DH,Davis-1B,Beckham-SS,Rickard-RF,Joseph-C,Gentry-LF
107,"108. Thu,8/3 vs DET L (5-7)#",Jones-CF,Machado-3B,Schoop-2B,Mancini-DH,Davis-1B,Beckham-SS,Rickard-RF,Castillo-C,Gentry-LF
108,"109. Fri,8/4 vs DET L (2-5)",Jones-CF,Machado-3B,Schoop-2B,Davis-1B,Beckham-SS,Rickard-RF,Smith-DH,Joseph-C,Gentry-LF
109,"110. Sat,8/5 vs DET W (5-2)",Jones-CF,Machado-3B,Schoop-2B,Davis-1B,Mancini-LF,Beckham-SS,Smith-DH,Castillo-C,Rickard-RF
110,"111. Sun,8/6 vs DET W (12-3)",Jones-CF,Machado-3B,Schoop-2B,Davis-1B,Mancini-DH,Beckham-SS,Smith-LF,Joseph-C,Rickard-RF
111,"112. Mon,8/7 at LAA W (6-2)",Jones-CF,Machado-3B,Schoop-2B,Davis-1B,Mancini-DH,Beckham-SS,Smith-LF,Castillo-C,Rickard-RF
112,"113. Tue,8/8 at LAA L (2-3)",Jones-CF,Machado-3B,Schoop-2B,Davis-1B,Mancini-DH,Beckham-SS,Smith-LF,Joseph-C,Rickard-RF
113,"114. Wed,8/9 at LAA L (1-5)",Jones-CF,Machado-3B,Schoop-2B,Davis-1B,Trumbo-DH,Mancini-LF,Beckham-SS,Castillo-C,Rickard-RF
114,"115. Thu,8/10 at OAK W (7-2)",Beckham-SS,Machado-3B,Schoop-2B,Jones-CF,Mancini-1B,Trumbo-DH,Smith-LF,Castillo-C,Rickard-RF
115,"116. Fri,8/11 at OAK L (4-5)",Beckham-SS,Machado-3B,Schoop-2B,Jones-CF,Mancini-LF,Trumbo-DH,Davis-1B,Smith-RF,Joseph-C
116,"117. Sat,8/12 at OAK W (12-5)#",Beckham-SS,Machado-3B,Schoop-2B,Jones-CF,Mancini-DH,Trumbo-RF,Davis-1B,Castillo-C,Rickard-LF
117,"118. Sun,8/13 at OAK L (3-9)",Beckham-SS,Machado-3B,Schoop-2B,Jones-CF,Mancini-LF,Trumbo-DH,Davis-1B,Smith-RF,Joseph-C
118,"119. Mon,8/14 at SEA W (11-3)",Beckham-SS,Machado-3B,Schoop-2B,Jones-CF,Mancini-LF,Trumbo-DH,Davis-1B,Smith-RF,Joseph-C
119,"120. Tue,8/15 at SEA L (1-3)#",Beckham-SS,Machado-3B,Schoop-2B,Jones-CF,Mancini-LF,Trumbo-DH,Davis-1B,Castillo-C,Rickard-RF
120,"121. Wed,8/16 at SEA L (6-7)#",Beckham-SS,Machado-3B,Schoop-2B,Mancini-LF,Trumbo-DH,Davis-1B,Rickard-RF,Joseph-C,Gentry-CF
121,"122. Fri,8/18 vs LAA W (9-7)#",Beckham-SS,Machado-3B,Schoop-2B,Jones-CF,Mancini-1B,Trumbo-DH,Santander-RF,Joseph-C,Gentry-LF
122,"123. Sat,8/19 vs LAA L (1-5)",Beckham-SS,Machado-3B,Schoop-2B,Jones-CF,Mancini-1B,Trumbo-DH,Smith-LF,Castillo-C,Santander-RF
123,"124. Sun,8/20 vs LAA L (4-5)",Beckham-SS,Machado-3B,Schoop-2B,Jones-CF,Mancini-LF,Trumbo-RF,Davis-1B,Smith-DH,Joseph-C
124,"125. Mon,8/21 vs OAK W (7-3)",Beckham-SS,Machado-3B,Schoop-2B,Jones-CF,Mancini-LF,Davis-1B,Trumbo-DH,Castillo-C,Smith-RF
125,"126. Tue,8/22 vs OAK L (4-6)",Beckham-SS,Machado-3B,Schoop-2B,Jones-CF,Mancini-LF,Trumbo-DH,Davis-1B,Joseph-C,Smith-RF
126,"127. Wed,8/23 vs OAK W (8-7)",Beckham-SS,Machado-3B,Schoop-2B,Jones-CF,Mancini-LF,Davis-1B,Trumbo-DH,Castillo-C,Flaherty-RF
127,"128. Fri,8/25 at BOS W (16-3)",Beckham-SS,Machado-3B,Schoop-2B,Jones-CF,Mancini-LF,Davis-1B,Trumbo-DH,Castillo-C,Smith-RF
128,"129. Sat,8/26 at BOS W (7-0)#",Beckham-SS,Machado-3B,Schoop-2B,Jones-CF,Mancini-LF,Davis-1B,Trumbo-DH,Joseph-C,Gentry-RF
129,"130. Sun,8/27 at BOS W (2-1)",Beckham-SS,Machado-3B,Schoop-2B,Jones-CF,Mancini-LF,Davis-1B,Trumbo-DH,Castillo-C,Smith-RF
130,"131. Mon,8/28 vs SEA W (7-6)#",Beckham-SS,Machado-3B,Schoop-2B,Jones-CF,Mancini-LF,Davis-1B,Trumbo-DH,Castillo-C,Gentry-RF
131,"132. Tue,8/29 vs SEA W (4-0)",Beckham-SS,Machado-3B,Schoop-2B,Jones-CF,Mancini-LF,Davis-1B,Castillo-C,Gentry-RF,Smith-DH
132,"133. Wed,8/30 vs SEA W (8-7)#",Beckham-SS,Machado-3B,Schoop-2B,Jones-CF,Mancini-LF,Davis-1B,Trumbo-DH,Castillo-C,Gentry-RF
133,"134. Thu,8/31 vs TOR L (8-11)",Beckham-SS,Machado-3B,Schoop-2B,Jones-CF,Mancini-LF,Davis-1B,Trumbo-DH,Castillo-C,Smith-RF
134,"135. Fri,9/1 vs TOR W (1-0)",Beckham-SS,Machado-3B,Schoop-2B,Jones-CF,Mancini-LF,Davis-1B,Trumbo-DH,Smith-RF,Joseph-C
135,"136. Sat,9/2 vs TOR L (2-7)",Beckham-SS,Machado-3B,Schoop-2B,Jones-CF,Mancini-LF,Davis-1B,Trumbo-DH,Castillo-C,Smith-RF
136,"137. Sun,9/3 vs TOR W (5-4)#",Beckham-SS,Machado-3B,Schoop-2B,Jones-CF,Mancini-LF,Davis-1B,Trumbo-DH,Castillo-C,Rickard-RF
137,"138. Mon,9/4 vs NYY L (4-7)#",Beckham-SS,Machado-3B,Schoop-2B,Jones-CF,Mancini-LF,Trumbo-DH,Davis-1B,Castillo-C,Rickard-RF
138,"139. Tue,9/5 vs NYY W (7-6)#",Beckham-SS,Machado-3B,Schoop-2B,Jones-CF,Mancini-LF,Trumbo-DH,Davis-1B,Castillo-C,Rickard-RF
139,"140. Thu,9/7 vs NYY L (1-9)",Beckham-SS,Machado-3B,Schoop-2B,Jones-CF,Mancini-LF,Davis-1B,Trumbo-DH,Smith-RF,Joseph-C
140,"141. Fri,9/8 at CLE L (0-5)",Beckham-SS,Machado-3B,Schoop-2B,Jones-CF,Mancini-LF,Davis-1B,Trumbo-DH,Smith-RF,Joseph-C
141,"142. Sat,9/9 at CLE L (2-4)",Beckham-SS,Machado-3B,Schoop-2B,Jones-CF,Mancini-LF,Davis-1B,Trumbo-DH,Castillo-C,Hays-RF
142,"143. Sun,9/10 at CLE L (2-3)",Beckham-SS,Machado-3B,Schoop-2B,Jones-CF,Mancini-LF,Davis-1B,Trumbo-DH,Castillo-C,Smith-RF
143,"144. Mon,9/11 at TOR L (3-4)",Beckham-SS,Machado-3B,Schoop-2B,Jones-CF,Mancini-LF,Davis-1B,Trumbo-RF,Castillo-C,Smith-DH
144,"145. Tue,9/12 at TOR L (2-3)",Beckham-SS,Machado-3B,Schoop-2B,Jones-CF,Mancini-LF,Davis-1B,Trumbo-DH,Joseph-C,Rickard-RF
145,"146. Wed,9/13 at TOR W (2-1)",Beckham-SS,Machado-3B,Schoop-2B,Jones-CF,Mancini-LF,Trumbo-DH,Davis-1B,Smith-RF,Joseph-C
146,"147. Thu,9/14 at NYY L (5-13)",Beckham-SS,Machado-3B,Schoop-2B,Jones-CF,Mancini-LF,Davis-1B,Trumbo-DH,Castillo-C,Smith-RF
147,"148. Fri,9/15 at NYY L (2-8)",Beckham-SS,Machado-3B,Schoop-2B,Mancini-LF,Trumbo-RF,Davis-1B,Castillo-C,Alvarez-DH,Hays-CF
148,"149. Sat,9/16 at NYY L (3-9)#",Beckham-DH,Machado-3B,Schoop-2B,Jones-CF,Mancini-1B,Castillo-C,Hardy-SS,Hays-RF,Rickard-LF
149,"150. Sun,9/17 at NYY W (6-4)",Beckham-SS,Machado-3B,Schoop-2B,Mancini-LF,Davis-1B,Smith-RF,Trumbo-DH,Hays-CF,Joseph-C
150,"151. Mon,9/18 vs BOS L (8-10)",Beckham-SS,Machado-3B,Schoop-2B,Jones-CF,Mancini-LF,Davis-1B,Castillo-C,Alvarez-DH,Hays-RF
151,"152. Tue,9/19 vs BOS L (0-1)#",Beckham-SS,Machado-3B,Schoop-2B,Jones-CF,Mancini-LF,Trumbo-DH,Davis-1B,Hays-RF,Joseph-C
152,"153. Wed,9/20 vs BOS L (0-9)#",Hays-RF,Mancini-LF,Schoop-2B,Jones-CF,Castillo-C,Trumbo-DH,Davis-1B,Hardy-SS,Flaherty-3B
153,"154. Thu,9/21 vs TBR W (3-1)",Hays-RF,Machado-3B,Schoop-2B,Jones-CF,Mancini-LF,Davis-1B,Trumbo-DH,Castillo-C,Hardy-SS
154,"155. Fri,9/22 vs TBR L (3-8)",Beckham-SS,Machado-3B,Schoop-2B,Jones-CF,Mancini-LF,Davis-1B,Hays-RF,Alvarez-DH,Joseph-C
155,"156. Sat,9/23 vs TBR L (6-9)",Beckham-SS,Machado-3B,Schoop-2B,Jones-CF,Davis-1B,Mancini-LF,Trumbo-DH,Castillo-C,Hays-RF
156,"157. Sun,9/24 vs TBR W (9-4)",Mancini-LF,Machado-3B,Schoop-2B,Jones-CF,Davis-1B,Hays-RF,Alvarez-DH,Hardy-SS,Sisco-C
157,"158. Tue,9/26 at PIT L (1-10)",Hays-CF,Schoop-2B,Machado-3B,Davis-1B,Mancini-LF,Sisco-C,Hardy-SS,Santander-RF,Gausman-P
158,"159. Wed,9/27 at PIT L (3-5)",Hays-CF,Schoop-2B,Machado-3B,Alvarez-1B,Mancini-LF,Sisco-C,Hardy-SS,Santander-RF,Ynoa-P
159,"160. Fri,9/29 at TBR L (0-7)",Beckham-SS,Schoop-2B,Machado-3B,Davis-1B,Mancini-LF,Castillo-C,Alvarez-DH,Hays-CF,Santander-RF
160,"161. Sat,9/30 at TBR L (3-4)",Schoop-2B,Mancini-LF,Machado-3B,Alvarez-DH,Davis-1B,Hardy-SS,Sisco-C,Hays-CF,Santander-RF
161,"162. Sun,10/1 at TBR L (0-6)#",Hays-CF,Schoop-2B,Machado-3B,Mancini-LF,Trumbo-DH,Davis-1B,Hardy-SS,Joseph-C,Rickard-RF
